W_X	0.02036	W_Y	0.0115277	A	0	O_X	0	O_Y	0
W_X	0.02036	W_Y	0.0115277	A	0	O_X	0	O_Y	0
W_X	0.02036	W_Y	0.0115277	A	0	O_X	0	O_Y	0
W_X	0.0306162	W_Y	0.0114831	A	0	O_X	0.0102563	O_Y	0
W_X	0.0408837	W_Y	0.0114385	A	0	O_X	0.0205239	O_Y	0
W_X	0.0516689	W_Y	0.0113915	A	0.704884	O_X	0.0313092	O_Y	0
W_X	0.0624661	W_Y	0.0114774	A	-0.336558	O_X	0.0421059	O_Y	0.000132834
W_X	0.0732631	W_Y	0.011367	A	-0.172736	O_X	0.0529033	O_Y	6.94092E-05
W_X	0.0959252	W_Y	0.0112001	A	-0.00891448	O_X	0.075566	O_Y	1.08526E-06
W_X	0.107273	W_Y	0.011149	A	0.513694	O_X	0.0869139	O_Y	-6.80335E-07
W_X	0.119146	W_Y	0.0112038	A	0.914827	O_X	0.0987862	O_Y	0.000105765
W_X	0.131025	W_Y	0.0113418	A	0.719484	O_X	0.110665	O_Y	0.000295448
W_X	0.142895	W_Y	0.0114392	A	0.475639	O_X	0.122534	O_Y	0.000444504
W_X	0.155311	W_Y	0.0114883	A	0.475639	O_X	0.13495	O_Y	0.000547574
W_X	0.167727	W_Y	0.0115373	A	0.475639	O_X	0.147366	O_Y	0.000650643
W_X	0.19364	W_Y	0.0116397	A	0.475639	O_X	0.173278	O_Y	0.000865761
W_X	0.206599	W_Y	0.0116909	A	0.475639	O_X	0.186237	O_Y	0.00097334
W_X	0.219557	W_Y	0.0117421	A	0.700397	O_X	0.199194	O_Y	0.00108091
W_X	0.233048	W_Y	0.0118484	A	0.541691	O_X	0.212685	O_Y	0.00124583
W_X	0.246542	W_Y	0.0119173	A	0.541691	O_X	0.226178	O_Y	0.0013734
W_X	0.260037	W_Y	0.0119861	A	0.541691	O_X	0.239673	O_Y	0.00150099
W_X	0.273533	W_Y	0.012055	A	0.541691	O_X	0.253168	O_Y	0.00162858
W_X	0.301593	W_Y	0.0121983	A	0.541691	O_X	0.281227	O_Y	0.00189387
W_X	0.316168	W_Y	0.0122727	A	0.693374	O_X	0.295802	O_Y	0.00203166
W_X	0.330744	W_Y	0.0123856	A	0.693374	O_X	0.310377	O_Y	0.00220806
W_X	0.345857	W_Y	0.0125028	A	0.693374	O_X	0.325489	O_Y	0.00239095
W_X	0.360966	W_Y	0.0126199	A	0.693374	O_X	0.340598	O_Y	0.00257381
W_X	0.376079	W_Y	0.0127371	A	0.693374	O_X	0.35571	O_Y	0.00275669
W_X	0.398327	W_Y	-0.0244497	A	0.693374	O_X	0.371366	O_Y	0.00294616
W_X	0.416815	W_Y	-0.0406824	A	0.693374	O_X	0.387025	O_Y	0.00313567
W_X	0.433011	W_Y	-0.0408227	A	0.693374	O_X	0.40322	O_Y	0.00333167
W_X	0.449206	W_Y	-0.0409629	A	0.540714	O_X	0.419414	O_Y	0.00352765
W_X	0.465939	W_Y	-0.0411524	A	0.747192	O_X	0.436148	O_Y	0.00368558
W_X	0.482672	W_Y	-0.0412816	A	0.747192	O_X	0.45288	O_Y	0.00390379
W_X	0.499404	W_Y	-0.0414107	A	0.747192	O_X	0.469611	O_Y	0.004122
W_X	0.532873	W_Y	-0.0416691	A	0.747192	O_X	0.503078	O_Y	0.00455845
W_X	0.550148	W_Y	-0.0418025	A	0.747192	O_X	0.520352	O_Y	0.00478374
W_X	0.567422	W_Y	-0.0419358	A	0.747192	O_X	0.537625	O_Y	0.00500901
W_X	0.585236	W_Y	-0.0420733	A	0.990195	O_X	0.555438	O_Y	0.00524132
W_X	0.603049	W_Y	-0.0421353	A	0.990195	O_X	0.573248	O_Y	0.00554915
W_X	0.621404	W_Y	-0.0421991	A	1.1845	O_X	0.591601	O_Y	0.00586636
W_X	0.645985	W_Y	-0.0430674	A	1.37881	O_X	0.609952	O_Y	0.0062458
W_X	0.697925	W_Y	-0.0457321	A	1.37881	O_X	0.646663	O_Y	0.00712941
W_X	0.717354	W_Y	-0.0461089	A	1.54266	O_X	0.665551	O_Y	0.00758402
W_X	0.736249	W_Y	-0.0463397	A	1.54266	O_X	0.684441	O_Y	0.00809275
W_X	0.755155	W_Y	-0.0465706	A	1.54266	O_X	0.703341	O_Y	0.00860175
W_X	0.774558	W_Y	-0.0468075	A	1.73063	O_X	0.722739	O_Y	0.00912415
W_X	0.79399	W_Y	-0.0469811	A	1.73063	O_X	0.742163	O_Y	0.00971104
W_X	0.813422	W_Y	-0.0471547	A	1.73063	O_X	0.761587	O_Y	0.0102979
W_X	0.85337	W_Y	-0.0475115	A	1.73063	O_X	0.801518	O_Y	0.0115044
W_X	0.87334	W_Y	-0.0476899	A	1.73063	O_X	0.821479	O_Y	0.0121075
W_X	0.893853	W_Y	-0.0478731	A	1.931	O_X	0.841984	O_Y	0.0127271
W_X	0.917119	W_Y	-0.049385	A	1.931	O_X	0.862485	O_Y	0.0134183
W_X	0.943651	W_Y	-0.0528832	A	1.931	O_X	0.882984	O_Y	0.0141094
W_X	0.964168	W_Y	-0.0532876	A	1.931	O_X	0.903494	O_Y	0.0148009
W_X	0.984686	W_Y	-0.053692	A	1.931	O_X	0.924004	O_Y	0.0154924
W_X	1.0257	W_Y	-0.0545004	A	2.2952	O_X	0.965	O_Y	0.0168746
section	ahead	liner							
W_X	1.32776	W_Y	-0.0336648	A	2.2952	O_X	1.06748	O_Y	0.0209818
W_X	1.32776	W_Y	-0.0336648	A	2.79327	O_X	1.27238	O_Y	0.0308006
W_X	1.36622	W_Y	-0.0205318	A	2.79327	O_X	1.31336	O_Y	0.0327999
W_X	1.38673	W_Y	-0.0206492	A	2.79327	O_X	1.33385	O_Y	0.0337997
W_X	1.40725	W_Y	-0.0207665	A	2.79327	O_X	1.35434	O_Y	0.0347993
W_X	1.42776	W_Y	-0.0208838	A	2.79327	O_X	1.37482	O_Y	0.0357989
W_X	1.46878	W_Y	-0.0211185	A	3.27925	O_X	1.4158	O_Y	0.0377982
W_X	1.46878	W_Y	-0.0211185	A	3.27925	O_X	1.4158	O_Y	0.0377982
W_X	1.50981	W_Y	-0.021062	A	3.28435	O_X	1.45676	O_Y	0.0400883
W_X	1.50981	W_Y	-0.021062	A	3.28435	O_X	1.45676	O_Y	0.0400883
W_X	1.55084	W_Y	-0.020945	A	3.28435	O_X	1.49772	O_Y	0.0424388
W_X	1.55084	W_Y	-0.020945	A	3.28435	O_X	1.49772	O_Y	0.0424388
W_X	1.58987	W_Y	-0.0159092	A	3.28435	O_X	1.5182	O_Y	0.0436139
W_X	1.66409	W_Y	-0.0121853	A	3.28435	O_X	1.57964	O_Y	0.0471397
W_X	1.68461	W_Y	-0.0120803	A	3.28435	O_X	1.60012	O_Y	0.048315
W_X	1.70512	W_Y	-0.0119753	A	3.28435	O_X	1.6206	O_Y	0.0494903
W_X	1.72563	W_Y	-0.0118702	A	3.28435	O_X	1.64108	O_Y	0.0506654
W_X	1.74614	W_Y	-0.0117652	A	3.28435	O_X	1.66155	O_Y	0.0518402
W_X	1.76665	W_Y	-0.0116602	A	3.28435	O_X	1.68203	O_Y	0.0530154
W_X	1.78717	W_Y	-0.0115551	A	3.28435	O_X	1.70252	O_Y	0.0541912
W_X	1.80532	W_Y	-0.0067211	A	3.28435	O_X	1.723	O_Y	0.0553663
W_X	1.81745	W_Y	0.010197	A	3.55778	O_X	1.74348	O_Y	0.0565415
W_X	1.83736	W_Y	0.0116586	A	3.55778	O_X	1.76397	O_Y	0.0578153
W_X	1.85788	W_Y	0.0118823	A	3.35633	O_X	1.78445	O_Y	0.0590888
W_X	1.87839	W_Y	0.0120337	A	3.35633	O_X	1.80492	O_Y	0.0602896
W_X	1.8989	W_Y	0.012185	A	3.35633	O_X	1.8254	O_Y	0.0614903
W_X	1.8989	W_Y	0.012185	A	3.35633	O_X	1.8254	O_Y	0.0614903
W_X	1.96044	W_Y	0.0126393	A	3.35633	O_X	1.88683	O_Y	0.0650931
W_X	1.96044	W_Y	0.0126393	A	3.35633	O_X	1.88683	O_Y	0.0650931
W_X	2.00146	W_Y	0.0129421	A	3.35633	O_X	1.92779	O_Y	0.0674951
W_X	2.01746	W_Y	0.0231264	A	3.35633	O_X	1.94827	O_Y	0.0686961
W_X	2.0344	W_Y	0.0313221	A	3.35633	O_X	1.96875	O_Y	0.0698971
W_X	2.05491	W_Y	0.0315995	A	3.35633	O_X	1.98922	O_Y	0.0710981
W_X	2.09595	W_Y	0.0321546	A	3.35633	O_X	2.0302	O_Y	0.0735009
W_X	2.11645	W_Y	0.0324319	A	3.35633	O_X	2.05066	O_Y	0.0747012
W_X	2.11645	W_Y	0.0324319	A	3.35633	O_X	2.05066	O_Y	0.0747012
W_X	2.15746	W_Y	0.0328994	A	3.11228	O_X	2.09162	O_Y	0.0770156
W_X	2.17798	W_Y	0.0330895	A	2.90485	O_X	2.1121	O_Y	0.0781293
W_X	2.19849	W_Y	0.0332053	A	2.90485	O_X	2.13259	O_Y	0.0791688
W_X	2.21811	W_Y	0.0345041	A	2.90485	O_X	2.15307	O_Y	0.0802082
W_X	2.25463	W_Y	0.0407273	A	2.90485	O_X	2.19405	O_Y	0.0822874
W_X	2.27438	W_Y	0.041843	A	2.90485	O_X	2.21453	O_Y	0.083327
W_X	2.29489	W_Y	0.0419436	A	2.90485	O_X	2.23502	O_Y	0.0843667
W_X	2.31541	W_Y	0.0420441	A	2.90485	O_X	2.25551	O_Y	0.0854062
W_X	2.33592	W_Y	0.0421447	A	2.90485	O_X	2.276	O_Y	0.0864459
W_X	2.35644	W_Y	0.0422453	A	2.90485	O_X	2.29649	O_Y	0.0874856
W_X	2.39745	W_Y	0.0424464	A	2.90485	O_X	2.33745	O_Y	0.0895639
W_X	2.41798	W_Y	0.0425471	A	2.90485	O_X	2.35795	O_Y	0.0906042
W_X	2.43847	W_Y	0.0426476	A	2.90485	O_X	2.37842	O_Y	0.091643
W_X	2.4503	W_Y	0.045006	A	2.90485	O_X	2.3989	O_Y	0.0926824
W_X	2.45954	W_Y	0.0480317	A	2.75216	O_X	2.41939	O_Y	0.0937222
W_X	2.45954	W_Y	0.0480317	A	2.75216	O_X	2.41939	O_Y	0.0937222
W_X	2.50056	W_Y	0.0480396	A	2.38587	O_X	2.46037	O_Y	0.0956262
W_X	2.52108	W_Y	0.0479451	A	2.38587	O_X	2.48087	O_Y	0.0964805
W_X	2.54159	W_Y	0.0478507	A	2.38587	O_X	2.50137	O_Y	0.0973345
W_X	2.5621	W_Y	0.0477562	A	2.38587	O_X	2.52186	O_Y	0.0981884
W_X	2.58262	W_Y	0.0476618	A	2.38587	O_X	2.54236	O_Y	0.0990424
W_X	2.60313	W_Y	0.0475673	A	2.38587	O_X	2.56285	O_Y	0.0998963
W_X	2.62322	W_Y	0.0475428	A	2.56797	O_X	2.58334	O_Y	0.10075
W_X	2.63819	W_Y	0.0484407	A	2.75008	O_X	2.60383	O_Y	0.101669
W_X	2.67761	W_Y	0.0487659	A	2.2256	O_X	2.64481	O_Y	0.103638
W_X	2.69812	W_Y	0.0486063	A	2.2256	O_X	2.66531	O_Y	0.104434
W_X	2.71863	W_Y	0.0484468	A	2.04861	O_X	2.68581	O_Y	0.105231
W_X	2.73915	W_Y	0.0482239	A	2.04861	O_X	2.70631	O_Y	0.105964
W_X	2.75966	W_Y	0.048001	A	2.04861	O_X	2.72681	O_Y	0.106697
W_X	2.78017	W_Y	0.0477781	A	2.04861	O_X	2.74731	O_Y	0.107431
W_X	2.82119	W_Y	0.0473324	A	2.04861	O_X	2.7883	O_Y	0.108897
W_X	2.84172	W_Y	0.0471093	A	2.04861	O_X	2.80882	O_Y	0.109631
W_X	2.86222	W_Y	0.0468866	A	2.04861	O_X	2.82931	O_Y	0.110364
W_X	2.88031	W_Y	0.0484191	A	2.04861	O_X	2.84981	O_Y	0.111097
W_X	2.89097	W_Y	0.0553905	A	1.81681	O_X	2.87031	O_Y	0.111831
W_X	2.91029	W_Y	0.0559952	A	1.81681	O_X	2.89082	O_Y	0.112481
W_X	2.93081	W_Y	0.0557341	A	1.81681	O_X	2.91132	O_Y	0.113131
W_X	2.97184	W_Y	0.0552118	A	1.81681	O_X	2.95234	O_Y	0.114432
W_X	2.99235	W_Y	0.0549508	A	1.81681	O_X	2.97284	O_Y	0.115083
W_X	3.01287	W_Y	0.0546897	A	1.81681	O_X	2.99335	O_Y	0.115733
W_X	3.03338	W_Y	0.0544287	A	1.81681	O_X	3.01385	O_Y	0.116383
W_X	3.05391	W_Y	0.0541673	A	1.81681	O_X	3.03438	O_Y	0.117035
W_X	3.07439	W_Y	0.0539067	A	1.81681	O_X	3.05484	O_Y	0.117684
W_X	3.09528	W_Y	0.0511664	A	1.81681	O_X	3.07535	O_Y	0.118334
W_X	3.11614	W_Y	0.0486202	A	1.81681	O_X	3.09587	O_Y	0.118985
W_X	3.13665	W_Y	0.0482955	A	1.81681	O_X	3.11638	O_Y	0.119636
W_X	3.15717	W_Y	0.0479707	A	1.81681	O_X	3.13689	O_Y	0.120286
W_X	3.17766	W_Y	0.0476464	A	1.81681	O_X	3.15737	O_Y	0.120936
W_X	3.19817	W_Y	0.0473218	A	1.81681	O_X	3.17787	O_Y	0.121586
W_X	3.21868	W_Y	0.0469971	A	1.81681	O_X	3.19838	O_Y	0.122237
W_X	3.25971	W_Y	0.0463477	A	1.81681	O_X	3.23939	O_Y	0.123538
W_X	3.28021	W_Y	0.0460231	A	1.81681	O_X	3.25989	O_Y	0.124188
W_X	3.30038	W_Y	0.0454512	A	1.81681	O_X	3.28039	O_Y	0.124838
W_X	3.31851	W_Y	0.0433636	A	1.81681	O_X	3.3009	O_Y	0.125489
W_X	3.3385	W_Y	0.0426086	A	1.81681	O_X	3.32141	O_Y	0.126139
W_X	3.35899	W_Y	0.0422428	A	1.81681	O_X	3.34189	O_Y	0.126789
W_X	3.37947	W_Y	0.041877	A	1.81681	O_X	3.36237	O_Y	0.127438
W_X	3.42049	W_Y	0.0411447	A	1.51152	O_X	3.40337	O_Y	0.128739
W_X	3.441	W_Y	0.0406692	A	1.51152	O_X	3.42387	O_Y	0.12928
W_X	3.46151	W_Y	0.0401937	A	1.51152	O_X	3.44438	O_Y	0.129821
W_X	3.48201	W_Y	0.0397182	A	1.51152	O_X	3.46489	O_Y	0.130362
W_X	3.50252	W_Y	0.0392427	A	1.51152	O_X	3.48539	O_Y	0.130903
W_X	3.51718	W_Y	0.0390282	A	1.51152	O_X	3.5059	O_Y	0.131445
W_X	3.53067	W_Y	0.03885	A	1.51152	O_X	3.5264	O_Y	0.131986
W_X	3.57168	W_Y	0.0378677	A	1.13315	O_X	3.56742	O_Y	0.133068
W_X	3.59219	W_Y	0.037241	A	1.13315	O_X	3.58793	O_Y	0.133474
W_X	3.61269	W_Y	0.0366145	A	0.931811	O_X	3.60844	O_Y	0.133879
W_X	3.63319	W_Y	0.0359159	A	0.931811	O_X	3.62895	O_Y	0.134213
W_X	3.6537	W_Y	0.0352172	A	0.931811	O_X	3.64946	O_Y	0.134546
W_X	3.67419	W_Y	0.0345187	A	1.11393	O_X	3.66997	O_Y	0.13488
W_X	3.69469	W_Y	0.0338854	A	1.29604	O_X	3.69047	O_Y	0.135279
W_X	3.73577	W_Y	0.0322977	A	1.29604	O_X	3.73149	O_Y	0.136207
W_X	3.75706	W_Y	0.0261888	A	1.29604	O_X	3.752	O_Y	0.136671
W_X	3.77777	W_Y	0.0240017	A	1.29604	O_X	3.7725	O_Y	0.137134
W_X	3.79827	W_Y	0.0233934	A	1.29604	O_X	3.79301	O_Y	0.137598
W_X	3.81877	W_Y	0.0227851	A	1.29604	O_X	3.81351	O_Y	0.138062
W_X	3.81877	W_Y	0.0227851	A	1.29604	O_X	3.81351	O_Y	0.138062
W_X	3.85979	W_Y	0.0215681	A	1.29604	O_X	3.85454	O_Y	0.138991
W_X	3.88029	W_Y	0.0209598	A	1.29604	O_X	3.87505	O_Y	0.139454
W_X	3.9008	W_Y	0.0203514	A	1.29604	O_X	3.89556	O_Y	0.139918
W_X	3.92131	W_Y	0.0197431	A	1.29604	O_X	3.91606	O_Y	0.140382
W_X	3.94178	W_Y	0.0145676	A	1.29604	O_X	3.93657	O_Y	0.140846
W_X	3.96224	W_Y	0.00735725	A	1.29604	O_X	3.95708	O_Y	0.14131
W_X	3.98274	W_Y	0.00669633	A	1.29604	O_X	3.97759	O_Y	0.141774
W_X	4.02375	W_Y	0.00537434	A	1.29604	O_X	4.01861	O_Y	0.142702
W_X	4.04424	W_Y	0.00471374	A	1.29604	O_X	4.03911	O_Y	0.143166
W_X	4.06476	W_Y	0.00405211	A	1.29604	O_X	4.05964	O_Y	0.143631
W_X	4.08525	W_Y	0.0033916	A	1.29604	O_X	4.08013	O_Y	0.144094
W_X	4.10577	W_Y	0.00273013	A	1.29604	O_X	4.10066	O_Y	0.144559
W_X	4.12628	W_Y	0.00206921	A	1.29604	O_X	4.12116	O_Y	0.145023
W_X	4.14678	W_Y	0.00140829	A	1.29604	O_X	4.14167	O_Y	0.145487
W_X	4.18779	W_Y	8.63361E-05	A	1.29604	O_X	4.18269	O_Y	0.146415
W_X	4.20631	W_Y	0.00175263	A	1.29604	O_X	4.2032	O_Y	0.146879
W_X	4.22481	W_Y	0.00343744	A	1.29604	O_X	4.22371	O_Y	0.147343
W_X	4.24532	W_Y	0.00277387	A	1.29604	O_X	4.24422	O_Y	0.147807
W_X	4.26582	W_Y	0.00211093	A	1.29604	O_X	4.26472	O_Y	0.14827
W_X	4.28632	W_Y	0.00144762	A	1.29604	O_X	4.28523	O_Y	0.148734
W_X	4.30682	W_Y	0.000784315	A	1.29604	O_X	4.30573	O_Y	0.149198
W_X	4.34782	W_Y	-0.000542317	A	1.29604	O_X	4.34675	O_Y	0.150126
W_X	4.36833	W_Y	-0.00120562	A	1.29604	O_X	4.36726	O_Y	0.15059
W_X	4.38763	W_Y	-0.00285986	A	1.29604	O_X	4.38777	O_Y	0.151054
W_X	4.40583	W_Y	-0.00544478	A	1.29604	O_X	4.40828	O_Y	0.151518
W_X	4.42633	W_Y	-0.00612042	A	1.29604	O_X	4.42878	O_Y	0.151982
W_X	4.44682	W_Y	-0.00679549	A	1.29604	O_X	4.44927	O_Y	0.152446
W_X	4.46733	W_Y	-0.00747155	A	1.29604	O_X	4.46979	O_Y	0.15291
W_X	4.48783	W_Y	-0.00814721	A	1.29604	O_X	4.4903	O_Y	0.153374
W_X	4.50834	W_Y	-0.00882314	A	1.29604	O_X	4.51082	O_Y	0.153838
W_X	4.52885	W_Y	-0.00949906	A	1.29604	O_X	4.53133	O_Y	0.154302
W_X	4.56984	W_Y	-0.0108499	A	1.29604	O_X	4.57233	O_Y	0.15523
W_X	4.59034	W_Y	-0.0115255	A	1.29604	O_X	4.59284	O_Y	0.155694
W_X	4.60449	W_Y	-0.00956539	A	1.29604	O_X	4.61337	O_Y	0.156158
W_X	4.62221	W_Y	-0.00912731	A	1.29604	O_X	4.63387	O_Y	0.156622
W_X	4.64271	W_Y	-0.0098364	A	1.29604	O_X	4.65438	O_Y	0.157086
W_X	4.66321	W_Y	-0.0105453	A	1.29604	O_X	4.67489	O_Y	0.15755
W_X	4.68372	W_Y	-0.0112544	A	1.29604	O_X	4.6954	O_Y	0.158014
W_X	4.70422	W_Y	-0.0119632	A	1.29604	O_X	4.7159	O_Y	0.158478
W_X	4.72473	W_Y	-0.0126724	A	1.29604	O_X	4.73642	O_Y	0.158942
W_X	4.74524	W_Y	-0.0133817	A	1.29604	O_X	4.75694	O_Y	0.159406
W_X	4.78624	W_Y	-0.0147996	A	1.29604	O_X	4.79796	O_Y	0.160334
W_X	4.80505	W_Y	-0.0159252	A	1.107	O_X	4.81845	O_Y	0.160798
W_X	4.82191	W_Y	-0.0176133	A	1.3197	O_X	4.83897	O_Y	0.161195
W_X	4.8424	W_Y	-0.0183179	A	1.3197	O_X	4.85947	O_Y	0.161667
W_X	4.86292	W_Y	-0.0190233	A	1.47151	O_X	4.87999	O_Y	0.16214
W_X	4.88341	W_Y	-0.0196734	A	1.47151	O_X	4.90049	O_Y	0.162666
W_X	4.9039	W_Y	-0.0203235	A	1.47151	O_X	4.92098	O_Y	0.163193
W_X	4.94489	W_Y	-0.0216242	A	1.47151	O_X	4.96198	O_Y	0.164246
W_X	4.96542	W_Y	-0.0222757	A	1.47151	O_X	4.98251	O_Y	0.164773
W_X	4.9859	W_Y	-0.0229257	A	1.47151	O_X	5.003	O_Y	0.1653
W_X	5.00642	W_Y	-0.0235767	A	1.47151	O_X	5.02352	O_Y	0.165827
W_X	5.03206	W_Y	-0.0229032	A	1.47151	O_X	5.04402	O_Y	0.166353
W_X	5.05594	W_Y	-0.0226898	A	1.47151	O_X	5.06455	O_Y	0.16688
W_X	5.07645	W_Y	-0.0233392	A	1.47151	O_X	5.08507	O_Y	0.167408
W_X	5.11744	W_Y	-0.0246364	A	1.47151	O_X	5.12606	O_Y	0.168461
W_X	5.13794	W_Y	-0.0252852	A	1.47151	O_X	5.14656	O_Y	0.168987
W_X	5.15843	W_Y	-0.0259338	A	1.47151	O_X	5.16706	O_Y	0.169514
W_X	5.17893	W_Y	-0.0265827	A	1.47151	O_X	5.18756	O_Y	0.170041
W_X	5.19943	W_Y	-0.0272315	A	1.47151	O_X	5.20807	O_Y	0.170567
W_X	5.21994	W_Y	-0.0278805	A	1.47151	O_X	5.22857	O_Y	0.171094
W_X	5.24005	W_Y	-0.0274611	A	1.47151	O_X	5.2491	O_Y	0.171621
W_X	5.25921	W_Y	-0.0245387	A	1.47151	O_X	5.26964	O_Y	0.172149
W_X	5.27961	W_Y	-0.0250009	A	1.47151	O_X	5.29011	O_Y	0.172675
W_X	5.3001	W_Y	-0.025641	A	1.47151	O_X	5.3106	O_Y	0.173201
W_X	5.3206	W_Y	-0.0262815	A	1.47151	O_X	5.33111	O_Y	0.173728
W_X	5.34111	W_Y	-0.0269221	A	1.47151	O_X	5.35161	O_Y	0.174255
W_X	5.36161	W_Y	-0.0275626	A	1.47151	O_X	5.37212	O_Y	0.174782
W_X	5.40262	W_Y	-0.0288437	A	1.47151	O_X	5.41314	O_Y	0.175835
W_X	5.42312	W_Y	-0.0294842	A	1.47151	O_X	5.43364	O_Y	0.176362
W_X	5.44363	W_Y	-0.0301247	A	1.47151	O_X	5.45415	O_Y	0.176889
W_X	5.46647	W_Y	-0.0279681	A	1.28841	O_X	5.47466	O_Y	0.177416
W_X	5.48869	W_Y	-0.0266151	A	1.28841	O_X	5.49516	O_Y	0.177877
W_X	5.50919	W_Y	-0.0273132	A	1.28841	O_X	5.51567	O_Y	0.178338
W_X	5.55018	W_Y	-0.0287091	A	1.28841	O_X	5.55668	O_Y	0.17926
W_X	5.57069	W_Y	-0.0294075	A	1.28841	O_X	5.57719	O_Y	0.179722
W_X	5.5912	W_Y	-0.0301056	A	1.28841	O_X	5.5977	O_Y	0.180183
W_X	5.6117	W_Y	-0.0308037	A	1.28841	O_X	5.61821	O_Y	0.180644
W_X	5.63221	W_Y	-0.0315022	A	1.28841	O_X	5.63873	O_Y	0.181106
W_X	5.65271	W_Y	-0.0322002	A	1.28841	O_X	5.65924	O_Y	0.181567
W_X	5.67352	W_Y	-0.0298462	A	1.28841	O_X	5.67974	O_Y	0.182028
W_X	5.71551	W_Y	-0.0214573	A	1.28841	O_X	5.72076	O_Y	0.182951
W_X	5.73606	W_Y	-0.0217266	A	1.28841	O_X	5.74127	O_Y	0.183412
W_X	5.75656	W_Y	-0.0223871	A	1.47656	O_X	5.76177	O_Y	0.183873
W_X	5.77706	W_Y	-0.0229803	A	1.47656	O_X	5.78228	O_Y	0.184401
W_X	5.79756	W_Y	-0.0235736	A	1.47656	O_X	5.80278	O_Y	0.18493
W_X	5.81806	W_Y	-0.0241669	A	1.47656	O_X	5.82328	O_Y	0.185459
W_X	5.83856	W_Y	-0.0247601	A	1.47656	O_X	5.84379	O_Y	0.185987
W_X	5.85907	W_Y	-0.0253537	A	1.47656	O_X	5.8643	O_Y	0.186516
W_X	5.87959	W_Y	-0.0259473	A	1.47656	O_X	5.88481	O_Y	0.187045
W_X	5.92506	W_Y	-0.0216974	A	1.47656	O_X	5.92582	O_Y	0.188102
W_X	5.94879	W_Y	-0.0183785	A	1.47656	O_X	5.94633	O_Y	0.18863
W_X	5.96929	W_Y	-0.0189732	A	1.47656	O_X	5.96683	O_Y	0.189159
W_X	5.9898	W_Y	-0.019568	A	1.62827	O_X	5.98734	O_Y	0.189687
W_X	6.0103	W_Y	-0.0201086	A	1.77998	O_X	6.00784	O_Y	0.19027
W_X	6.03082	W_Y	-0.020595	A	1.77998	O_X	6.02836	O_Y	0.190908
W_X	6.05133	W_Y	-0.0210812	A	1.77998	O_X	6.04886	O_Y	0.191545
W_X	6.07183	W_Y	-0.0215674	A	1.77998	O_X	6.06936	O_Y	0.192182
W_X	6.09234	W_Y	-0.0220537	A	1.77998	O_X	6.08987	O_Y	0.192819
W_X	6.11333	W_Y	-0.0218818	A	1.77998	O_X	6.11037	O_Y	0.193456
W_X	6.13564	W_Y	-0.0199298	A	1.77998	O_X	6.13087	O_Y	0.194093
W_X	6.19732	W_Y	-0.0212363	A	1.77998	O_X	6.17187	O_Y	0.195368
W_X	6.19732	W_Y	-0.0212363	A	1.77998	O_X	6.19238	O_Y	0.196005
W_X	6.21783	W_Y	-0.0217444	A	1.77998	O_X	6.21289	O_Y	0.196642
W_X	6.25885	W_Y	-0.0227607	A	1.77998	O_X	6.2539	O_Y	0.197917
W_X	6.27935	W_Y	-0.0232686	A	1.77998	O_X	6.2744	O_Y	0.198554
W_X	6.27935	W_Y	-0.0232686	A	1.77998	O_X	6.2744	O_Y	0.198554
W_X	6.34086	W_Y	-0.0247927	A	1.77998	O_X	6.3359	O_Y	0.200465
W_X	6.36138	W_Y	-0.0253012	A	1.77998	O_X	6.35642	O_Y	0.201103
W_X	6.36138	W_Y	-0.0253012	A	1.77998	O_X	6.35642	O_Y	0.201103
W_X	6.40492	W_Y	-0.028127	A	1.77998	O_X	6.39743	O_Y	0.202377
W_X	6.42553	W_Y	-0.0287309	A	1.77998	O_X	6.41793	O_Y	0.203014
W_X	6.44603	W_Y	-0.0292591	A	1.77998	O_X	6.43842	O_Y	0.203651
W_X	6.46653	W_Y	-0.0297873	A	1.77998	O_X	6.45891	O_Y	0.204288
W_X	6.50754	W_Y	-0.0308441	A	1.77998	O_X	6.49992	O_Y	0.205562
W_X	6.52805	W_Y	-0.0313726	A	1.77998	O_X	6.52042	O_Y	0.206199
W_X	6.52805	W_Y	-0.0313726	A	1.77998	O_X	6.52042	O_Y	0.206199
W_X	6.54855	W_Y	-0.031901	A	1.77998	O_X	6.54092	O_Y	0.206836
W_X	6.58956	W_Y	-0.0329577	A	1.77998	O_X	6.58192	O_Y	0.208111
W_X	6.61353	W_Y	-0.0349217	A	1.77998	O_X	6.60243	O_Y	0.208748
W_X	6.63697	W_Y	-0.0367008	A	1.77998	O_X	6.62294	O_Y	0.209385
W_X	6.63697	W_Y	-0.0367008	A	1.77998	O_X	6.62294	O_Y	0.209385
W_X	6.67798	W_Y	-0.0378249	A	1.94992	O_X	6.66394	O_Y	0.210659
W_X	6.69848	W_Y	-0.0383262	A	1.94992	O_X	6.68444	O_Y	0.211357
W_X	6.71899	W_Y	-0.0388276	A	1.94992	O_X	6.70495	O_Y	0.212055
W_X	6.7395	W_Y	-0.039329	A	1.94992	O_X	6.72545	O_Y	0.212753
W_X	6.76001	W_Y	-0.0398304	A	1.94992	O_X	6.74595	O_Y	0.213452
W_X	6.80103	W_Y	-0.0408332	A	1.94992	O_X	6.78696	O_Y	0.214848
W_X	6.82128	W_Y	-0.0407968	A	1.94992	O_X	6.80746	O_Y	0.215545
W_X	6.84087	W_Y	-0.039329	A	2.15031	O_X	6.82796	O_Y	0.216243
W_X	6.86131	W_Y	-0.0396206	A	2.15031	O_X	6.84846	O_Y	0.217013
W_X	6.88181	W_Y	-0.0400814	A	2.15031	O_X	6.86896	O_Y	0.217783
W_X	6.90232	W_Y	-0.0405422	A	2.15031	O_X	6.88945	O_Y	0.218552
W_X	6.92283	W_Y	-0.041003	A	2.15031	O_X	6.90995	O_Y	0.219322
W_X	6.96384	W_Y	-0.0419246	A	2.15031	O_X	6.95095	O_Y	0.220862
W_X	6.96384	W_Y	-0.0419246	A	2.15031	O_X	6.95095	O_Y	0.220862
W_X	7.00486	W_Y	-0.0428463	A	2.15031	O_X	6.99195	O_Y	0.222401
W_X	7.02537	W_Y	-0.0433071	A	2.15031	O_X	7.01245	O_Y	0.223171
W_X	7.05178	W_Y	-0.0413519	A	2.15031	O_X	7.03295	O_Y	0.22394
W_X	7.07706	W_Y	-0.0398652	A	2.15031	O_X	7.05344	O_Y	0.22471
W_X	7.09757	W_Y	-0.0403354	A	2.15031	O_X	7.07394	O_Y	0.22548
W_X	7.13858	W_Y	-0.0412759	A	2.15031	O_X	7.11494	O_Y	0.227019
W_X	7.15909	W_Y	-0.0417461	A	2.15031	O_X	7.13544	O_Y	0.227789
W_X	7.1796	W_Y	-0.0422163	A	2.32634	O_X	7.15594	O_Y	0.228558
W_X	7.20011	W_Y	-0.0426235	A	2.32634	O_X	7.17644	O_Y	0.229391
W_X	7.22062	W_Y	-0.0430307	A	2.32634	O_X	7.19693	O_Y	0.230224
W_X	7.24113	W_Y	-0.043438	A	2.54499	O_X	7.21743	O_Y	0.231056
W_X	7.26312	W_Y	-0.0442437	A	2.76364	O_X	7.23793	O_Y	0.231967
W_X	7.31051	W_Y	-0.0469001	A	2.76364	O_X	7.27889	O_Y	0.233945
W_X	7.33188	W_Y	-0.0474958	A	2.76364	O_X	7.29938	O_Y	0.234934
W_X	7.35239	W_Y	-0.0478016	A	2.76364	O_X	7.31987	O_Y	0.235923
W_X	7.3729	W_Y	-0.0481074	A	2.76364	O_X	7.34036	O_Y	0.236912
W_X	7.39342	W_Y	-0.0484133	A	2.76364	O_X	7.36086	O_Y	0.237902
W_X	7.41392	W_Y	-0.048719	A	2.76364	O_X	7.38134	O_Y	0.23889
W_X	7.43445	W_Y	-0.049025	A	2.76364	O_X	7.40184	O_Y	0.23988
W_X	7.45496	W_Y	-0.0493308	A	2.76364	O_X	7.42233	O_Y	0.240869
W_X	7.47549	W_Y	-0.0496369	A	2.76364	O_X	7.44284	O_Y	0.241859
W_X	7.49514	W_Y	-0.0486036	A	2.93344	O_X	7.46331	O_Y	0.242847
W_X	7.5147	W_Y	-0.0472685	A	2.93344	O_X	7.48381	O_Y	0.243898
W_X	7.53521	W_Y	-0.0474977	A	3.12773	O_X	7.5043	O_Y	0.244948
W_X	7.55573	W_Y	-0.0476573	A	3.32203	O_X	7.52478	O_Y	0.246067
W_X	7.59675	W_Y	-0.0478374	A	3.32203	O_X	7.56574	O_Y	0.248444
W_X	7.61727	W_Y	-0.0479275	A	3.32203	O_X	7.58622	O_Y	0.249633
W_X	7.63778	W_Y	-0.0480175	A	3.53454	O_X	7.6067	O_Y	0.250822
W_X	7.6583	W_Y	-0.0480315	A	3.53454	O_X	7.62717	O_Y	0.252086
W_X	7.67881	W_Y	-0.0480455	A	3.53454	O_X	7.64765	O_Y	0.253351
W_X	7.69977	W_Y	-0.048068	A	3.53454	O_X	7.66813	O_Y	0.254616
W_X	7.72433	W_Y	-0.0481641	A	3.53454	O_X	7.68862	O_Y	0.255882
W_X	7.76643	W_Y	-0.0482227	A	3.53454	O_X	7.72955	O_Y	0.25841
W_X	7.78694	W_Y	-0.048241	A	3.53454	O_X	7.75003	O_Y	0.259675
W_X	7.80748	W_Y	-0.0482593	A	3.53454	O_X	7.77052	O_Y	0.260941
W_X	7.82797	W_Y	-0.0482776	A	3.53454	O_X	7.79098	O_Y	0.262204
W_X	7.8485	W_Y	-0.0482959	A	3.53454	O_X	7.81147	O_Y	0.26347
W_X	7.86901	W_Y	-0.0483142	A	3.72877	O_X	7.83193	O_Y	0.264734
W_X	7.88951	W_Y	-0.048263	A	3.92299	O_X	7.85239	O_Y	0.266067
W_X	7.93052	W_Y	-0.0480216	A	3.92299	O_X	7.89331	O_Y	0.268873
W_X	7.95628	W_Y	-0.0474161	A	4.12959	O_X	7.91379	O_Y	0.270278
W_X	7.9848	W_Y	-0.046466	A	4.12959	O_X	7.93424	O_Y	0.271754
W_X	8.00529	W_Y	-0.0462592	A	4.12959	O_X	7.95468	O_Y	0.27323
W_X	8.0258	W_Y	-0.0460522	A	4.42128	O_X	7.97514	O_Y	0.274707
W_X	8.04631	W_Y	-0.0457408	A	4.71296	O_X	7.9956	O_Y	0.276289
W_X	8.06684	W_Y	-0.0453247	A	4.71296	O_X	8.01605	O_Y	0.277975
W_X	8.08735	W_Y	-0.0449089	A	4.97425	O_X	8.0365	O_Y	0.279661
W_X	8.10786	W_Y	-0.0443995	A	4.97425	O_X	8.05694	O_Y	0.28144
W_X	8.12907	W_Y	-0.0427104	A	5.1746	O_X	8.07737	O_Y	0.283218
W_X	8.15142	W_Y	-0.0390933	A	5.1746	O_X	8.09779	O_Y	0.285067
W_X	8.17194	W_Y	-0.0385201	A	5.1746	O_X	8.11823	O_Y	0.286918
W_X	8.19245	W_Y	-0.0379469	A	5.1746	O_X	8.13867	O_Y	0.288769
W_X	8.23347	W_Y	-0.0368011	A	5.1746	O_X	8.17953	O_Y	0.29247
W_X	8.25397	W_Y	-0.0362283	A	5.1746	O_X	8.19996	O_Y	0.29432
W_X	8.27449	W_Y	-0.0356553	A	5.1746	O_X	8.2204	O_Y	0.296171
W_X	8.29499	W_Y	-0.0350824	A	5.1746	O_X	8.24083	O_Y	0.298021
W_X	8.31548	W_Y	-0.0345099	A	5.1746	O_X	8.26124	O_Y	0.29987
W_X	8.336	W_Y	-0.0339368	A	5.1746	O_X	8.28168	O_Y	0.301721
W_X	8.35651	W_Y	-0.0333638	A	5.1746	O_X	8.30212	O_Y	0.303571
W_X	8.39751	W_Y	-0.0333279	A	5.1746	O_X	8.34301	O_Y	0.307274
W_X	8.41789	W_Y	-0.0346674	A	5.1746	O_X	8.3634	O_Y	0.309121
W_X	8.4384	W_Y	-0.0341125	A	5.1746	O_X	8.38384	O_Y	0.310972
W_X	8.45891	W_Y	-0.0335578	A	5.1746	O_X	8.40426	O_Y	0.312822
W_X	8.47942	W_Y	-0.0330027	A	5.1746	O_X	8.4247	O_Y	0.314672
W_X	8.49993	W_Y	-0.0324477	A	5.1746	O_X	8.44514	O_Y	0.316523
W_X	8.54092	W_Y	-0.0313385	A	5.1746	O_X	8.48598	O_Y	0.320222
W_X	8.56144	W_Y	-0.0307833	A	5.1746	O_X	8.50642	O_Y	0.322073
W_X	8.58195	W_Y	-0.0302285	A	5.1746	O_X	8.52685	O_Y	0.323923
W_X	8.60246	W_Y	-0.0296734	A	5.1746	O_X	8.54729	O_Y	0.325774
W_X	8.60246	W_Y	-0.0296734	A	5.1746	O_X	8.54729	O_Y	0.325774
W_X	8.64723	W_Y	-0.0253159	A	5.1746	O_X	8.58813	O_Y	0.329473
W_X	8.66774	W_Y	-0.0247394	A	5.1746	O_X	8.60856	O_Y	0.331323
W_X	8.70875	W_Y	-0.0235863	A	5.1746	O_X	8.64943	O_Y	0.335024
W_X	8.72925	W_Y	-0.02301	A	5.1746	O_X	8.66985	O_Y	0.336873
W_X	8.74975	W_Y	-0.0224336	A	5.1746	O_X	8.69027	O_Y	0.338723
W_X	8.74975	W_Y	-0.0224336	A	5.1746	O_X	8.69027	O_Y	0.338723
W_X	8.79076	W_Y	-0.0212807	A	5.1746	O_X	8.73113	O_Y	0.342423
W_X	8.81127	W_Y	-0.0207041	A	5.1746	O_X	8.75156	O_Y	0.344273
W_X	8.81127	W_Y	-0.0207041	A	5.1746	O_X	8.75156	O_Y	0.344273
W_X	8.86021	W_Y	-0.0110202	A	5.1746	O_X	8.79244	O_Y	0.347975
W_X	8.88071	W_Y	-0.0103859	A	5.1746	O_X	8.81287	O_Y	0.349825
W_X	8.88071	W_Y	-0.0103859	A	5.1746	O_X	8.81287	O_Y	0.349825
W_X	8.92172	W_Y	-0.00911749	A	5.1746	O_X	8.85373	O_Y	0.353525
W_X	8.94222	W_Y	-0.00848343	A	5.1746	O_X	8.87415	O_Y	0.355375
W_X	8.94222	W_Y	-0.00848343	A	5.1746	O_X	8.87415	O_Y	0.355375
W_X	9.00373	W_Y	-0.00658055	A	5.1746	O_X	8.93544	O_Y	0.360926
W_X	9.02421	W_Y	-0.00594695	A	5.1746	O_X	8.95585	O_Y	0.362774
W_X	9.02421	W_Y	-0.00594695	A	5.1746	O_X	8.95585	O_Y	0.362774
W_X	9.06517	W_Y	0.00281325	A	4.82057	O_X	8.99676	O_Y	0.36641
W_X	9.0856	W_Y	0.00677286	A	4.82057	O_X	9.01717	O_Y	0.368132
W_X	9.0856	W_Y	0.00677286	A	4.82057	O_X	9.01717	O_Y	0.368132
W_X	9.12661	W_Y	0.00788984	A	4.82057	O_X	9.05805	O_Y	0.371579
W_X	9.16762	W_Y	0.00900693	A	5.19701	O_X	9.09894	O_Y	0.375027
W_X	9.16762	W_Y	0.00900693	A	5.19701	O_X	9.09894	O_Y	0.375027
W_X	9.20862	W_Y	0.0103933	A	5.19701	O_X	9.13979	O_Y	0.378743
W_X	9.22912	W_Y	0.0110865	A	5.19701	O_X	9.16022	O_Y	0.380601
W_X	9.24963	W_Y	0.0117797	A	5.19701	O_X	9.18065	O_Y	0.38246
W_X	9.27168	W_Y	0.0150619	A	5.19701	O_X	9.20108	O_Y	0.384318
W_X	9.29565	W_Y	0.0216083	A	5.19701	O_X	9.22151	O_Y	0.386176
W_X	9.33665	W_Y	0.0230593	A	5.19701	O_X	9.26237	O_Y	0.389892
W_X	9.35716	W_Y	0.0237849	A	5.19701	O_X	9.28281	O_Y	0.391751
W_X	9.37766	W_Y	0.0245103	A	5.19701	O_X	9.30323	O_Y	0.393609
W_X	9.39816	W_Y	0.0252358	A	5.19701	O_X	9.32366	O_Y	0.395467
W_X	9.41864	W_Y	0.0259606	A	4.97732	O_X	9.34407	O_Y	0.397323
W_X	9.43915	W_Y	0.0266075	A	4.75763	O_X	9.36451	O_Y	0.399103
W_X	9.45966	W_Y	0.027176	A	4.75763	O_X	9.38496	O_Y	0.400806
W_X	9.48018	W_Y	0.0277445	A	4.75763	O_X	9.40542	O_Y	0.402508
W_X	9.49974	W_Y	0.0311152	A	4.75763	O_X	9.42585	O_Y	0.404209
W_X	9.51975	W_Y	0.0331795	A	4.95192	O_X	9.44629	O_Y	0.40591
W_X	9.54026	W_Y	0.0338453	A	4.95192	O_X	9.46673	O_Y	0.407681
W_X	9.56076	W_Y	0.0345109	A	4.95192	O_X	9.48717	O_Y	0.409451
W_X	9.58126	W_Y	0.0351766	A	4.95192	O_X	9.5076	O_Y	0.411222
W_X	9.62226	W_Y	0.0365079	A	4.95192	O_X	9.54847	O_Y	0.414763
W_X	9.64277	W_Y	0.0371736	A	4.95192	O_X	9.56891	O_Y	0.416534
W_X	9.66327	W_Y	0.0378394	A	4.95192	O_X	9.58935	O_Y	0.418305
W_X	9.68377	W_Y	0.038505	A	4.95192	O_X	9.60979	O_Y	0.420075
W_X	9.70374	W_Y	0.0403323	A	4.95192	O_X	9.63022	O_Y	0.421846
W_X	9.72282	W_Y	0.0441231	A	4.95192	O_X	9.65065	O_Y	0.423616
W_X	9.74332	W_Y	0.0448209	A	4.95192	O_X	9.67109	O_Y	0.425387
W_X	9.78432	W_Y	0.0462162	A	4.95192	O_X	9.71195	O_Y	0.428927
W_X	9.80482	W_Y	0.046914	A	4.95192	O_X	9.73239	O_Y	0.430698
W_X	9.82532	W_Y	0.0476118	A	4.95192	O_X	9.75283	O_Y	0.432469
W_X	9.84583	W_Y	0.0483101	A	4.72609	O_X	9.77328	O_Y	0.434241
W_X	9.86635	W_Y	0.0489274	A	4.72609	O_X	9.79373	O_Y	0.435932
W_X	9.88684	W_Y	0.0495442	A	4.72609	O_X	9.81416	O_Y	0.437621
W_X	9.90734	W_Y	0.050161	A	4.72609	O_X	9.8346	O_Y	0.439311
W_X	9.94747	W_Y	0.0545915	A	4.72609	O_X	9.87548	O_Y	0.442691
W_X	9.96743	W_Y	0.0571715	A	4.72609	O_X	9.89591	O_Y	0.44438
W_X	9.98795	W_Y	0.0578143	A	4.72609	O_X	9.91637	O_Y	0.446071
W_X	10.0084	W_Y	0.0584566	A	4.72609	O_X	9.93682	O_Y	0.447761
W_X	10.029	W_Y	0.059099	A	4.53082	O_X	9.95726	O_Y	0.449452
W_X	10.0495	W_Y	0.0596711	A	4.53082	O_X	9.97771	O_Y	0.451072
W_X	10.07	W_Y	0.0602433	A	4.53082	O_X	9.99815	O_Y	0.452691
W_X	10.1112	W_Y	0.0613943	A	4.53082	O_X	10.0393	O_Y	0.45595
W_X	10.1315	W_Y	0.0619604	A	4.53082	O_X	10.0595	O_Y	0.457552
W_X	10.1517	W_Y	0.0625988	A	4.53082	O_X	10.0799	O_Y	0.459172
W_X	10.1716	W_Y	0.0633335	A	4.53082	O_X	10.1004	O_Y	0.460793
W_X	10.1921	W_Y	0.0638757	A	4.53082	O_X	10.1208	O_Y	0.462413
W_X	10.2126	W_Y	0.0644112	A	4.53082	O_X	10.1413	O_Y	0.464034
W_X	10.2331	W_Y	0.0649466	A	4.53082	O_X	10.1617	O_Y	0.465655
W_X	10.2536	W_Y	0.065482	A	4.53082	O_X	10.1822	O_Y	0.467276
W_X	10.2741	W_Y	0.0660173	A	4.53082	O_X	10.2026	O_Y	0.468896
W_X	10.2946	W_Y	0.0665528	A	4.53082	O_X	10.2231	O_Y	0.470518
W_X	10.3151	W_Y	0.0670878	A	4.53082	O_X	10.2435	O_Y	0.472137
W_X	10.3356	W_Y	0.0676232	A	4.53082	O_X	10.264	O_Y	0.473758
W_X	10.3561	W_Y	0.0693394	A	4.53082	O_X	10.2844	O_Y	0.475379
W_X	10.3971	W_Y	0.0711765	A	4.53082	O_X	10.3253	O_Y	0.478619
W_X	10.4176	W_Y	0.0716927	A	4.53082	O_X	10.3458	O_Y	0.48024
W_X	10.4381	W_Y	0.0722089	A	4.3538	O_X	10.3662	O_Y	0.481861
W_X	10.4586	W_Y	0.0726614	A	4.3538	O_X	10.3867	O_Y	0.483417
W_X	10.4791	W_Y	0.0731141	A	4.3538	O_X	10.4071	O_Y	0.484974
W_X	10.4996	W_Y	0.073567	A	4.3538	O_X	10.4276	O_Y	0.486531
W_X	10.5201	W_Y	0.0740198	A	4.3538	O_X	10.448	O_Y	0.488088
W_X	10.5612	W_Y	0.0749254	A	4.3538	O_X	10.489	O_Y	0.491203
W_X	10.5817	W_Y	0.0753783	A	4.20113	O_X	10.5094	O_Y	0.49276
W_X	10.6022	W_Y	0.0757764	A	4.20113	O_X	10.5299	O_Y	0.494263
W_X	10.6215	W_Y	0.0755405	A	4.20113	O_X	10.5503	O_Y	0.495766
W_X	10.6414	W_Y	0.0756064	A	4.20113	O_X	10.5708	O_Y	0.497269
W_X	10.6619	W_Y	0.0759656	A	4.20113	O_X	10.5912	O_Y	0.498771
W_X	10.6619	W_Y	0.0759656	A	4.20113	O_X	10.5912	O_Y	0.498771
W_X	10.7234	W_Y	0.0770434	A	3.72537	O_X	10.6526	O_Y	0.503279
W_X	10.744	W_Y	0.0772325	A	3.72537	O_X	10.6731	O_Y	0.504613
W_X	10.7645	W_Y	0.0774213	A	3.72537	O_X	10.6936	O_Y	0.505945
W_X	10.785	W_Y	0.0776104	A	3.72537	O_X	10.714	O_Y	0.507278
W_X	10.8055	W_Y	0.0777992	A	3.45697	O_X	10.7345	O_Y	0.50861
W_X	10.8262	W_Y	0.0763099	A	3.18856	O_X	10.755	O_Y	0.509847
W_X	10.847	W_Y	0.0731324	A	2.85896	O_X	10.7755	O_Y	0.510989
W_X	10.8675	W_Y	0.0729638	A	2.70628	O_X	10.7959	O_Y	0.512012
W_X	10.888	W_Y	0.0727407	A	2.48668	O_X	10.8164	O_Y	0.51298
W_X	10.9085	W_Y	0.0724388	A	2.27921	O_X	10.8369	O_Y	0.513871
W_X	10.929	W_Y	0.0720628	A	2.27921	O_X	10.8574	O_Y	0.514686
W_X	10.9495	W_Y	0.0716867	A	2.27921	O_X	10.8779	O_Y	0.515502
W_X	10.97	W_Y	0.0713106	A	2.27921	O_X	10.8984	O_Y	0.516318
W_X	11.0111	W_Y	0.0705582	A	2.27921	O_X	10.9394	O_Y	0.51795
section	ahead	liner							
W_X	11.3646	W_Y	0.0582345	A	2.27921	O_X	11.1034	O_Y	0.524476
W_X	11.3851	W_Y	0.0576028	A	1.77246	O_X	11.3084	O_Y	0.531791
W_X	11.4045	W_Y	0.0570057	A	1.77246	O_X	11.3278	O_Y	0.532392
W_X	11.424	W_Y	0.0564078	A	1.77246	O_X	11.3472	O_Y	0.532993
W_X	11.4434	W_Y	0.0558099	A	1.77246	O_X	11.3667	O_Y	0.533594
W_X	11.4823	W_Y	0.0546134	A	1.34514	O_X	11.4055	O_Y	0.534797
W_X	11.4823	W_Y	0.0546134	A	1.34514	O_X	11.4055	O_Y	0.534797
W_X	11.504	W_Y	0.0533897	A	1.53943	O_X	11.425	O_Y	0.535254
W_X	11.5445	W_Y	0.0516204	A	1.53943	O_X	11.4638	O_Y	0.536297
W_X	11.564	W_Y	0.0509172	A	1.53943	O_X	11.4832	O_Y	0.536819
W_X	11.5828	W_Y	0.0502344	A	1.53943	O_X	11.5021	O_Y	0.537326
W_X	11.6017	W_Y	0.0495511	A	1.53943	O_X	11.521	O_Y	0.537834
W_X	11.6206	W_Y	0.0488674	A	1.14897	O_X	11.5399	O_Y	0.538342
W_X	11.6395	W_Y	0.0480554	A	0.892809	O_X	11.5588	O_Y	0.538721
W_X	11.6584	W_Y	0.047158	A	0.892809	O_X	11.5777	O_Y	0.539015
W_X	11.6774	W_Y	0.0457198	A	0.618751	O_X	11.5966	O_Y	0.539309
W_X	11.6963	W_Y	0.0424724	A	0.618751	O_X	11.6149	O_Y	0.539508
W_X	11.7147	W_Y	0.0411986	A	0.618751	O_X	11.6333	O_Y	0.539706
W_X	11.7513	W_Y	0.0391668	A	0.618751	O_X	11.67	O_Y	0.540102
W_X	11.7697	W_Y	0.0381497	A	0.618751	O_X	11.6883	O_Y	0.540301
W_X	11.788	W_Y	0.0371336	A	0.618751	O_X	11.7067	O_Y	0.540499
W_X	11.8063	W_Y	0.0361171	A	0.81308	O_X	11.725	O_Y	0.540697
W_X	11.8247	W_Y	0.0351631	A	0.623941	O_X	11.7434	O_Y	0.540957
W_X	11.843	W_Y	0.0341481	A	0.623941	O_X	11.7617	O_Y	0.541157
W_X	11.8613	W_Y	0.0331332	A	0.623941	O_X	11.7801	O_Y	0.541357
W_X	11.8969	W_Y	0.0311634	A	0.623941	O_X	11.8157	O_Y	0.541745
W_X	11.9151	W_Y	0.0305156	A	0.623941	O_X	11.8335	O_Y	0.541939
W_X	11.9342	W_Y	0.030441	A	0.623941	O_X	11.8514	O_Y	0.542133
W_X	11.952	W_Y	0.029419	A	0.623941	O_X	11.8692	O_Y	0.542327
W_X	11.9697	W_Y	0.0284007	A	0.623941	O_X	11.887	O_Y	0.542521
W_X	11.9875	W_Y	0.0273794	A	0.623941	O_X	11.9048	O_Y	0.542715
W_X	12.0053	W_Y	0.0263581	A	0.623941	O_X	11.9226	O_Y	0.542909
section	ahead	liner							
section	Arc	ahead							
X	12.1299	Y	0.544021	A	0.092227				
X	12.2654	Y	0.544239	A	0.092227				
X	12.2945	Y	0.544332	A	0.456345				
X	12.3506	Y	0.545886	A	4.19175				
X	12.3926	Y	0.549713	A	7.31905				
X	12.4343	Y	0.555609	A	10.2635				
X	12.4618	Y	0.560878	A	12.2956				
X	12.5028	Y	0.570666	A	15.8492				
X	12.5431	Y	0.58274	A	19.214				
X	12.5826	Y	0.597343	A	22.4448				
X	12.6202	Y	0.613746	A	27.8349				
X	12.7765	Y	0.718994	A	42.3904				
X	12.8052	Y	0.745906	A	45.7428				
X	12.83	Y	0.772266	A	49.3698				
X	12.8713	Y	0.827507	A	59.7066				
X	12.8814	Y	0.845366	A	63.3516				
X	12.8894	Y	0.861894	A	68.998				
X	12.8963	Y	0.88121	A	73.8606				
X	12.9048	Y	0.914128	A	80.555				
X	12.9097	Y	0.94067	A	83.741				
X	12.9152	Y	0.98948	A	85.2313				
section	amcl_linear_Y_ahead								
W_X	13.0696	W_Y	0.688863	A	88.2395	O_X	12.9295	O_Y	1.24006
W_X	13.0713	W_Y	0.706549	A	88.4459	O_X	12.9305	O_Y	1.27351
W_X	13.0729	W_Y	0.722665	A	88.6402	O_X	12.931	O_Y	1.2897
W_X	13.0744	W_Y	0.738787	A	88.9141	O_X	12.9314	O_Y	1.30589
W_X	13.0774	W_Y	0.771417	A	89.1879	O_X	12.932	O_Y	1.33865
W_X	13.0788	W_Y	0.787175	A	89.491	O_X	12.9322	O_Y	1.35447
W_X	13.0801	W_Y	0.803317	A	89.491	O_X	12.9324	O_Y	1.37066
W_X	13.0814	W_Y	0.819452	A	89.661	O_X	12.9325	O_Y	1.38685
W_X	13.0827	W_Y	0.835598	A	89.661	O_X	12.9326	O_Y	1.40305
W_X	13.0839	W_Y	0.851743	A	89.8371	O_X	12.9327	O_Y	1.41924
W_X	13.0852	W_Y	0.868428	A	90.0131	O_X	12.9327	O_Y	1.43543
W_X	13.0868	W_Y	0.887807	A	90.0131	O_X	12.9327	O_Y	1.45163
W_X	13.088	W_Y	0.90457	A	90.177	O_X	12.9327	O_Y	1.46784
W_X	13.0892	W_Y	0.920726	A	90.177	O_X	12.9327	O_Y	1.48404
W_X	13.0903	W_Y	0.936882	A	90.3592	O_X	12.9326	O_Y	1.50023
W_X	13.0914	W_Y	0.953042	A	90.3592	O_X	12.9325	O_Y	1.51643
W_X	13.0924	W_Y	0.969189	A	90.3592	O_X	12.9324	O_Y	1.53261
W_X	13.0935	W_Y	0.985336	A	90.3592	O_X	12.9323	O_Y	1.54879
W_X	13.0956	W_Y	1.01765	A	90.3592	O_X	12.9321	O_Y	1.58118
W_X	13.0967	W_Y	1.03381	A	90.3592	O_X	12.932	O_Y	1.59737
W_X	13.0978	W_Y	1.04997	A	90.3592	O_X	12.9319	O_Y	1.61357
W_X	13.0989	W_Y	1.06613	A	90.3592	O_X	12.9318	O_Y	1.62976
W_X	13.0999	W_Y	1.08229	A	90.3592	O_X	12.9317	O_Y	1.64596
W_X	13.0999	W_Y	1.08229	A	90.3592	O_X	12.9317	O_Y	1.64596
W_X	13.1026	W_Y	1.13509	A	90.3592	O_X	12.9314	O_Y	1.69453
W_X	13.1037	W_Y	1.1518	A	90.3592	O_X	12.9313	O_Y	1.71128
W_X	13.1048	W_Y	1.16796	A	90.3592	O_X	12.9312	O_Y	1.72747
W_X	13.1059	W_Y	1.18465	A	90.3592	O_X	12.9311	O_Y	1.74421
W_X	13.1071	W_Y	1.20135	A	90.5108	O_X	12.931	O_Y	1.76094
W_X	13.1081	W_Y	1.21805	A	90.7599	O_X	12.9308	O_Y	1.77767
W_X	13.1091	W_Y	1.23475	A	91.009	O_X	12.9306	O_Y	1.79441
W_X	13.111	W_Y	1.26817	A	91.009	O_X	12.93	O_Y	1.82787
W_X	13.1119	W_Y	1.28488	A	91.185	O_X	12.9297	O_Y	1.8446
W_X	13.1129	W_Y	1.3017	A	91.5924	O_X	12.9294	O_Y	1.86133
W_X	13.1165	W_Y	1.3205	A	91.5924	O_X	12.9289	O_Y	1.87752
W_X	13.1181	W_Y	1.33804	A	91.7441	O_X	12.9285	O_Y	1.89425
W_X	13.1189	W_Y	1.35422	A	92.0662	O_X	12.928	O_Y	1.91044
W_X	13.1195	W_Y	1.37039	A	92.3883	O_X	12.9274	O_Y	1.92661
W_X	13.12	W_Y	1.38657	A	92.3883	O_X	12.9267	O_Y	1.94279
W_X	13.1211	W_Y	1.41895	A	92.6923	O_X	12.9254	O_Y	1.97515
W_X	13.1216	W_Y	1.43513	A	92.6923	O_X	12.9246	O_Y	1.99133
W_X	13.122	W_Y	1.45132	A	93.0022	O_X	12.9239	O_Y	2.0075
W_X	13.1224	W_Y	1.46752	A	93.1662	O_X	12.923	O_Y	2.02368
W_X	13.1227	W_Y	1.4837	A	93.403	O_X	12.9221	O_Y	2.03985
W_X	13.123	W_Y	1.4999	A	93.6398	O_X	12.9212	O_Y	2.05601
W_X	13.1232	W_Y	1.5161	A	93.9674	O_X	12.9201	O_Y	2.07218
W_X	13.1231	W_Y	1.53604	A	94.1496	O_X	12.919	O_Y	2.08834
W_X	13.123	W_Y	1.55478	A	94.3682	O_X	12.9178	O_Y	2.10449
W_X	13.1229	W_Y	1.57097	A	94.739	O_X	12.9166	O_Y	2.12064
W_X	13.1228	W_Y	1.58717	A	94.9333	O_X	12.9153	O_Y	2.13677
W_X	13.1226	W_Y	1.60336	A	95.1276	O_X	12.9139	O_Y	2.15291
W_X	13.122	W_Y	1.63575	A	95.5405	O_X	12.911	O_Y	2.18517
W_X	13.122	W_Y	1.63575	A	95.5405	O_X	12.911	O_Y	2.18517
W_X	13.122	W_Y	1.63575	A	95.5405	O_X	12.911	O_Y	2.18517
W_X	13.1207	W_Y	1.68431	A	96.3913	O_X	12.906	O_Y	2.2335
W_X	13.1201	W_Y	1.7005	A	96.5977	O_X	12.9042	O_Y	2.2496
W_X	13.1194	W_Y	1.71668	A	96.8833	O_X	12.9024	O_Y	2.26568
W_X	13.1186	W_Y	1.73285	A	97.1689	O_X	12.9004	O_Y	2.28176
W_X	13.1161	W_Y	1.76815	A	97.1689	O_X	12.8964	O_Y	2.3139
W_X	13.1139	W_Y	1.78899	A	97.4423	O_X	12.8944	O_Y	2.32997
W_X	13.113	W_Y	1.80516	A	97.4423	O_X	12.8923	O_Y	2.34602
W_X	13.112	W_Y	1.82187	A	97.7705	O_X	12.8901	O_Y	2.36262
W_X	13.111	W_Y	1.83858	A	97.9527	O_X	12.8878	O_Y	2.37921
W_X	13.1099	W_Y	1.85528	A	97.9527	O_X	12.8855	O_Y	2.39578
W_X	13.1087	W_Y	1.87198	A	97.9527	O_X	12.8832	O_Y	2.41236
W_X	13.1065	W_Y	1.90538	A	98.3535	O_X	12.8786	O_Y	2.44551
W_X	13.1053	W_Y	1.92206	A	98.3535	O_X	12.8761	O_Y	2.46206
W_X	13.1041	W_Y	1.93875	A	98.3535	O_X	12.8737	O_Y	2.47862
W_X	13.1029	W_Y	1.95543	A	98.5662	O_X	12.8713	O_Y	2.49517
W_X	13.1001	W_Y	1.97453	A	98.5662	O_X	12.8688	O_Y	2.51171
W_X	13.0969	W_Y	1.99417	A	98.5662	O_X	12.8663	O_Y	2.52826
W_X	13.0956	W_Y	2.01087	A	98.8939	O_X	12.8638	O_Y	2.54482
section	amcl_linear_Y_ahead								
W_X	13.0587	W_Y	2.32323	A	99.939	O_X	12.8426	O_Y	2.67263
W_X	13.057	W_Y	2.33933	A	99.939	O_X	12.809	O_Y	2.86403
W_X	13.0553	W_Y	2.35598	A	99.939	O_X	12.8062	O_Y	2.88052
W_X	13.0536	W_Y	2.37262	A	99.939	O_X	12.8033	O_Y	2.897
W_X	13.0501	W_Y	2.40591	A	99.939	O_X	12.7975	O_Y	2.92997
W_X	13.048	W_Y	2.42236	A	99.939	O_X	12.7947	O_Y	2.94592
W_X	13.0411	W_Y	2.44297	A	99.939	O_X	12.7919	O_Y	2.96187
W_X	13.0379	W_Y	2.46033	A	100.152	O_X	12.7891	O_Y	2.97782
W_X	13.0361	W_Y	2.47643	A	100.152	O_X	12.7862	O_Y	2.99376
W_X	13.0343	W_Y	2.49252	A	100.468	O_X	12.7834	O_Y	3.00971
W_X	13.0324	W_Y	2.50861	A	100.784	O_X	12.7805	O_Y	3.02563
W_X	13.0285	W_Y	2.54075	A	100.784	O_X	12.7744	O_Y	3.05744
W_X	13.0265	W_Y	2.55683	A	100.954	O_X	12.7714	O_Y	3.07335
W_X	13.0245	W_Y	2.5729	A	100.954	O_X	12.7683	O_Y	3.08925
W_X	13.0225	W_Y	2.58897	A	101.136	O_X	12.7652	O_Y	3.10515
W_X	13.0204	W_Y	2.60503	A	101.136	O_X	12.7621	O_Y	3.12104
W_X	13.0183	W_Y	2.62188	A	101.136	O_X	12.759	O_Y	3.13693
W_X	13.0161	W_Y	2.64116	A	101.136	O_X	12.7558	O_Y	3.15283
W_X	13.0141	W_Y	2.65758	A	101.136	O_X	12.7527	O_Y	3.16872
W_X	13.012	W_Y	2.67365	A	101.136	O_X	12.7496	O_Y	3.18461
W_X	13.0099	W_Y	2.68971	A	101.136	O_X	12.7464	O_Y	3.2005
W_X	13.0079	W_Y	2.70577	A	101.136	O_X	12.7433	O_Y	3.21639
W_X	13.0058	W_Y	2.72183	A	101.136	O_X	12.7402	O_Y	3.23227
W_X	13.0037	W_Y	2.73789	A	101.136	O_X	12.7371	O_Y	3.24816
W_X	12.9995	W_Y	2.7711	A	101.136	O_X	12.7306	O_Y	3.28101
W_X	12.9973	W_Y	2.7877	A	101.287	O_X	12.7274	O_Y	3.29743
W_X	12.9951	W_Y	2.80429	A	101.287	O_X	12.7241	O_Y	3.31384
W_X	12.993	W_Y	2.82088	A	101.287	O_X	12.7208	O_Y	3.33025
W_X	12.9907	W_Y	2.83748	A	101.287	O_X	12.7175	O_Y	3.34666
W_X	12.9832	W_Y	2.8544	A	101.287	O_X	12.7144	O_Y	3.36254
W_X	12.9791	W_Y	2.87076	A	101.287	O_X	12.7112	O_Y	3.37842
W_X	12.9748	W_Y	2.90287	A	101.603	O_X	12.7049	O_Y	3.41019
W_X	12.9726	W_Y	2.91891	A	101.414	O_X	12.7016	O_Y	3.42605
W_X	12.9704	W_Y	2.93496	A	101.414	O_X	12.6984	O_Y	3.44193
W_X	12.9682	W_Y	2.951	A	101.206	O_X	12.6952	O_Y	3.4578
W_X	12.9661	W_Y	2.96706	A	101.206	O_X	12.692	O_Y	3.47369
W_X	12.964	W_Y	2.98311	A	101.206	O_X	12.6889	O_Y	3.48957
W_X	12.9619	W_Y	2.99917	A	101.206	O_X	12.6857	O_Y	3.50546
W_X	12.9576	W_Y	3.03128	A	101.206	O_X	12.6795	O_Y	3.53723
section	amcl_linear_Y_ahead								
W_X	12.9213	W_Y	3.09575	A	-104.919	O_X	12.6732	O_Y	3.56901
section	amcl_linear_Y_ahead								
W_X	12.879	W_Y	2.97332	A	-104.33	O_X	12.6608	O_Y	3.52201
section	Arc	ahead							
X	12.6038	Y	3.31939	A	-106.619				
X	12.5476	Y	3.14696	A	-109.634				
X	12.536	Y	3.11442	A	-109.823				
X	12.5243	Y	3.08192	A	-109.823				
X	12.5007	Y	3.01695	A	-110.189				
X	12.4887	Y	2.98455	A	-110.446				
X	12.4766	Y	2.9522	A	-110.861				
X	12.4581	Y	2.90375	A	-110.861				
X	12.4396	Y	2.85537	A	-111.294				
X	12.427	Y	2.8232	A	-111.709				
X	12.4141	Y	2.79115	A	-112.453				
X	12.4009	Y	2.75923	A	-112.624				
X	12.3876	Y	2.72733	A	-112.923				
X	12.3604	Y	2.66378	A	-113.221				
X	12.3468	Y	2.63205	A	-113.489				
X	12.3331	Y	2.60036	A	-113.648				
X	12.3122	Y	2.55291	A	-113.807				
X	12.2983	Y	2.52131	A	-113.996				
X	12.277	Y	2.47405	A	-114.789				
X	12.2552	Y	2.42704	A	-115.819				
X	12.2402	Y	2.39593	A	-115.819				
X	12.2251	Y	2.36485	A	-115.819				
X	12.2101	Y	2.33374	A	-116.721				
X	12.1788	Y	2.27212	A	-117.111				
X	12.1551	Y	2.22605	A	-117.479				
X	12.1393	Y	2.19591	A	-117.808				
X	12.1236	Y	2.16634	A	-118.369				
X	12.0914	Y	2.10766	A	-119.783				
X	12.0747	Y	2.07866	A	-120.411				
X	12.0578	Y	2.0498	A	-120.411				
X	12.0408	Y	2.02094	A	-120.411				
X	12.0153	Y	1.97771	A	-121.18				
X	11.9892	Y	1.93482	A	-121.783				
X	11.9625	Y	1.8923	A	-122.747				
X	11.9353	Y	1.85011	A	-123.186				
X	11.9169	Y	1.82216	A	-123.735				
X	11.8792	Y	1.76683	A	-124.778				
X	11.8601	Y	1.73938	A	-125.07				
X	11.8408	Y	1.71202	A	-125.412				
X	11.8018	Y	1.65763	A	-126.339				
X	11.782	Y	1.63067	A	-126.741				
X	11.7419	Y	1.57703	A	-127.387				
X	11.7216	Y	1.55047	A	-127.893				
X	11.701	Y	1.52409	A	-128.388				
X	11.6592	Y	1.4718	A	-129.376				
X	11.6379	Y	1.44596	A	-129.76				
X	11.6272	Y	1.4331	A	-129.998				
X	11.5949	Y	1.39464	A	-129.998				
X	11.5733	Y	1.36905	A	-130.297				
X	11.5516	Y	1.3436	A	-130.711				
X	11.5297	Y	1.31829	A	-131.273				
X	11.4853	Y	1.26817	A	-132.121				
X	11.4628	Y	1.24338	A	-132.609				
X	11.4401	Y	1.21884	A	-133.072				
X	11.4058	Y	1.18225	A	-133.791				
X	11.3826	Y	1.15809	A	-134.047				
X	11.3243	Y	1.09807	A	-134.749				
X	11.3007	Y	1.07436	A	-135.005				
X	11.1299	Y	0.914022	A	-138.64				
X	11.0921	Y	0.880976	A	-139.073				
X	11.0542	Y	0.848088	A	-139.512				
X	11.0159	Y	0.815665	A	-140.073				
X	10.9376	Y	0.752734	A	-142.596				
X	10.911	Y	0.732454	A	-143.169				
X	10.8842	Y	0.712447	A	-143.657				
X	10.8436	Y	0.68284	A	-144.48				
X	10.8163	Y	0.663482	A	-145.065				
X	10.7889	Y	0.644361	A	-145.541				
X	10.7612	Y	0.625494	A	-146.474				
X	10.7193	Y	0.59796	A	-147.266				
X	10.6627	Y	0.562174	A	-148.078				
X	10.6197	Y	0.53623	A	-149.814				
X	10.5323	Y	0.486812	A	-151.516				
X	10.5028	Y	0.470923	A	-152.01				
X	10.4732	Y	0.455305	A	-152.589				
X	10.4136	Y	0.424852	A	-153.76				
X	10.3685	Y	0.402898	A	-154.686				
X	10.3382	Y	0.388657	A	-155.223				
X	10.2925	Y	0.367869	A	-156.332				
X	10.2618	Y	0.35458	A	-156.874				
X	10.231	Y	0.341517	A	-157.484				
X	10.2	Y	0.328928	A	-158.575				
X	10.1688	Y	0.316768	A	-158.972				
X	10.1218	Y	0.299021	A	-159.795				
X	10.0746	Y	0.281907	A	-160.886				
X	10.043	Y	0.27103	A	-161.526				
X	9.99526	Y	0.255371	A	-162.355				
X	9.94735	Y	0.24037	A	-163.325				
X	9.89917	Y	0.226235	A	-164.391				
X	9.86695	Y	0.217233	A	-164.391				
X	9.8034	Y	0.200006	A	-165.678				
X	9.77199	Y	0.192083	A	-166.348				
X	9.70885	Y	0.177615	A	-168.256				
X	9.66015	Y	0.167871	A	-169.481				
X	9.61075	Y	0.158923	A	-170.529				
section	back	liner							
W_X	9.30788	W_Y	0.025872	A	-171.676	OX	9.54464	O_Y	0.14843
W_X	9.27441	W_Y	0.0263166	A	-174.723	OX	9.34544	O_Y	0.123257
W_X	9.27441	W_Y	0.0263166	A	-174.723	OX	9.34544	O_Y	0.123257
W_X	9.24311	W_Y	0.0271454	A	-175.339	OX	9.31426	O_Y	0.12047
W_X	9.22908	W_Y	0.0276259	A	-175.528	OX	9.30027	O_Y	0.11933
W_X	9.22908	W_Y	0.0276259	A	-175.528	OX	9.30027	O_Y	0.11933
W_X	9.20103	W_Y	0.0286797	A	-175.528	OX	9.27228	O_Y	0.117141
W_X	9.18701	W_Y	0.0292066	A	-175.528	OX	9.25829	O_Y	0.116047
W_X	9.15896	W_Y	0.0302605	A	-174.714	OX	9.23031	O_Y	0.113858
W_X	9.14664	W_Y	0.0324241	A	-174.556	OX	9.21687	O_Y	0.112616
W_X	9.1336	W_Y	0.0334747	A	-174.556	OX	9.20344	O_Y	0.111335
W_X	9.12065	W_Y	0.0337798	A	-174.556	OX	9.19054	O_Y	0.110106
W_X	9.10769	W_Y	0.0340848	A	-174.349	OX	9.17764	O_Y	0.108877
W_X	9.09474	W_Y	0.0343431	A	-174.143	OX	9.16475	O_Y	0.107601
W_X	9.08231	W_Y	0.0345462	A	-173.815	OX	9.15239	O_Y	0.106333
W_X	9.0699	W_Y	0.034678	A	-173.815	OX	9.14004	O_Y	0.104995
W_X	9.05748	W_Y	0.0348099	A	-173.815	OX	9.12769	O_Y	0.103657
W_X	9.04507	W_Y	0.0349417	A	-173.815	OX	9.11535	O_Y	0.10232
W_X	9.03319	W_Y	0.0350678	A	-173.56	OX	9.10355	O_Y	0.10104
W_X	9.02132	W_Y	0.0351411	A	-173.743	OX	9.09175	O_Y	0.0997082
W_X	9.00944	W_Y	0.0352522	A	-173.926	OX	9.07994	O_Y	0.0984139
W_X	8.98701	W_Y	0.0349195	A	-173.926	OX	9.0574	O_Y	0.0960148
section	back	liner							
section	back	liner							
W_X	8.80259	W_Y	0.0361231	A	-173.926	OX	9.00259	O_Y	0.0901826
W_X	8.79256	W_Y	0.0359525	A	-173.562	OX	8.86314	O_Y	0.0745859
W_X	8.77409	W_Y	0.0354703	A	-173.562	OX	8.84275	O_Y	0.0722858
W_X	8.75358	W_Y	0.0356371	A	-173.562	OX	8.82238	O_Y	0.0699868
W_X	8.73306	W_Y	0.0358041	A	-173.562	OX	8.80199	O_Y	0.0676857
W_X	8.73306	W_Y	0.0358041	A	-173.562	OX	8.80199	O_Y	0.0676857
W_X	8.69204	W_Y	0.036138	A	-174.397	OX	8.76122	O_Y	0.063086
W_X	8.67153	W_Y	0.0366036	A	-174.014	OX	8.7408	O_Y	0.0610829
W_X	8.65104	W_Y	0.0369318	A	-173.363	OX	8.72042	O_Y	0.0589459
W_X	8.63052	W_Y	0.0370275	A	-173.066	OX	8.70004	O_Y	0.0565742
W_X	8.61	W_Y	0.0370166	A	-173.285	OX	8.67967	O_Y	0.0540966
W_X	8.56898	W_Y	0.037152	A	-173.505	OX	8.63893	O_Y	0.0493002
W_X	8.54845	W_Y	0.0372984	A	-173.141	OX	8.61854	O_Y	0.0469788
W_X	8.52794	W_Y	0.0373143	A	-172.91	OX	8.59817	O_Y	0.0445289
W_X	8.50743	W_Y	0.0372476	A	-172.91	OX	8.57782	O_Y	0.0419969
W_X	8.48765	W_Y	0.0345658	A	-172.642	OX	8.55746	O_Y	0.0394649
W_X	8.4677	W_Y	0.032328	A	-172.795	OX	8.53712	O_Y	0.0368379
W_X	8.44719	W_Y	0.0321922	A	-172.948	OX	8.51677	O_Y	0.0342652
W_X	8.40616	W_Y	0.0320298	A	-172.948	OX	8.47605	O_Y	0.0292283
W_X	8.38565	W_Y	0.0319487	A	-172.948	OX	8.45569	O_Y	0.0267097
W_X	8.36514	W_Y	0.0318675	A	-172.948	OX	8.43533	O_Y	0.0241912
W_X	8.34462	W_Y	0.0317863	A	-172.948	OX	8.41498	O_Y	0.0216727
W_X	8.32411	W_Y	0.0317051	A	-172.948	OX	8.39462	O_Y	0.0191541
W_X	8.3036	W_Y	0.0316239	A	-172.747	OX	8.37426	O_Y	0.0166357
W_X	8.28381	W_Y	0.0304253	A	-172.547	OX	8.35391	O_Y	0.0140461
W_X	8.24523	W_Y	0.0263038	A	-172.547	OX	8.31323	O_Y	0.00872439
W_X	8.22488	W_Y	0.025797	A	-172.316	OX	8.29289	O_Y	0.00606352
W_X	8.20436	W_Y	0.0254404	A	-172.316	OX	8.27256	O_Y	0.0033207
W_X	8.18384	W_Y	0.0250836	A	-172.316	OX	8.25222	O_Y	0.000576133
W_X	8.16333	W_Y	0.024727	A	-172.316	OX	8.23189	O_Y	-0.00216692
W_X	8.14282	W_Y	0.0243705	A	-172.316	OX	8.21156	O_Y	-0.00490957
W_X	8.12231	W_Y	0.0240139	A	-172.316	OX	8.19123	O_Y	-0.00765222
W_X	8.08129	W_Y	0.0233007	A	-171.964	OX	8.15057	O_Y	-0.0131378
W_X	8.06078	W_Y	0.0228182	A	-171.964	OX	8.13026	O_Y	-0.0160053
W_X	8.04034	W_Y	0.0197917	A	-171.964	OX	8.10996	O_Y	-0.0188711
W_X	8.01987	W_Y	0.01711	A	-171.964	OX	8.08965	O_Y	-0.0217387
W_X	7.99936	W_Y	0.0165989	A	-171.964	OX	8.06934	O_Y	-0.0246067
W_X	7.97886	W_Y	0.0160881	A	-171.964	OX	8.04903	O_Y	-0.0274729
W_X	7.95835	W_Y	0.0155769	A	-171.964	OX	8.02871	O_Y	-0.0303415
W_X	7.93784	W_Y	0.0150658	A	-171.964	OX	8.0084	O_Y	-0.0332092
W_X	7.91733	W_Y	0.0145548	A	-171.964	OX	7.98809	O_Y	-0.0360768
W_X	7.89682	W_Y	0.0140436	A	-171.964	OX	7.96778	O_Y	-0.0389449
W_X	7.87632	W_Y	0.0135327	A	-171.964	OX	7.94747	O_Y	-0.0418121
W_X	7.85611	W_Y	0.0125537	A	-171.964	OX	7.92715	O_Y	-0.0446798
W_X	7.83798	W_Y	0.00829262	A	-171.964	OX	7.90684	O_Y	-0.0475475
W_X	7.79753	W_Y	0.00631261	A	-171.964	OX	7.86622	O_Y	-0.0532826
W_X	7.77702	W_Y	0.00576694	A	-171.964	OX	7.84591	O_Y	-0.0561503
W_X	7.75652	W_Y	0.00522128	A	-171.964	OX	7.8256	O_Y	-0.0590178
W_X	7.73601	W_Y	0.00467559	A	-171.964	OX	7.80528	O_Y	-0.0618856
W_X	7.7155	W_Y	0.00412994	A	-171.964	OX	7.78497	O_Y	-0.0647531
W_X	7.695	W_Y	0.00358426	A	-171.964	OX	7.76466	O_Y	-0.0676207
W_X	7.67449	W_Y	0.00303859	A	-171.964	OX	7.74435	O_Y	-0.0704883
W_X	7.63348	W_Y	0.0019472	A	-171.964	OX	7.70372	O_Y	-0.0762238
W_X	7.61297	W_Y	0.00140155	A	-171.964	OX	7.68341	O_Y	-0.0790913
W_X	7.59287	W_Y	-0.0010324	A	-171.964	OX	7.6631	O_Y	-0.081959
W_X	7.57344	W_Y	-0.00662546	A	-171.964	OX	7.64279	O_Y	-0.0848266
W_X	7.55301	W_Y	-0.00757114	A	-171.788	OX	7.62247	O_Y	-0.0876943
W_X	7.53251	W_Y	-0.00819766	A	-171.947	OX	7.60217	O_Y	-0.0906244
W_X	7.512	W_Y	-0.00876737	A	-172.106	OX	7.58186	O_Y	-0.0934982
W_X	7.47099	W_Y	-0.00979313	A	-172.106	OX	7.54122	O_Y	-0.099133
W_X	7.45048	W_Y	-0.010306	A	-172.106	OX	7.5209	O_Y	-0.10195
W_X	7.42998	W_Y	-0.0108189	A	-172.106	OX	7.50058	O_Y	-0.104768
W_X	7.40947	W_Y	-0.0113318	A	-172.106	OX	7.48027	O_Y	-0.107585
W_X	7.38896	W_Y	-0.0118447	A	-172.106	OX	7.45995	O_Y	-0.110403
W_X	7.36795	W_Y	-0.0150569	A	-172.106	OX	7.43964	O_Y	-0.113219
W_X	7.34704	W_Y	-0.0176444	A	-172.106	OX	7.41931	O_Y	-0.116038
W_X	7.32653	W_Y	-0.0181977	A	-172.106	OX	7.39899	O_Y	-0.118855
W_X	7.30603	W_Y	-0.0187509	A	-172.106	OX	7.37867	O_Y	-0.121672
W_X	7.28552	W_Y	-0.0193041	A	-172.106	OX	7.35836	O_Y	-0.12449
W_X	7.24452	W_Y	-0.0204104	A	-172.106	OX	7.31773	O_Y	-0.130124
W_X	7.22401	W_Y	-0.0209636	A	-172.106	OX	7.29741	O_Y	-0.132941
W_X	7.2035	W_Y	-0.0215169	A	-172.106	OX	7.27709	O_Y	-0.135759
W_X	7.18299	W_Y	-0.0220704	A	-172.106	OX	7.25676	O_Y	-0.138577
W_X	7.16295	W_Y	-0.0243878	A	-172.106	OX	7.23644	O_Y	-0.141395
W_X	7.14431	W_Y	-0.0320947	A	-172.106	OX	7.21612	O_Y	-0.144213
W_X	7.12401	W_Y	-0.0334468	A	-172.106	OX	7.1958	O_Y	-0.14703
W_X	7.1035	W_Y	-0.0340193	A	-172.106	OX	7.17548	O_Y	-0.149847
W_X	7.08298	W_Y	-0.0345922	A	-172.106	OX	7.15515	O_Y	-0.152667
W_X	7.06246	W_Y	-0.0351651	A	-172.106	OX	7.13482	O_Y	-0.155487
W_X	7.02144	W_Y	-0.0363103	A	-172.106	OX	7.09416	O_Y	-0.161123
W_X	7.00095	W_Y	-0.0368824	A	-172.106	OX	7.07386	O_Y	-0.163939
W_X	6.98044	W_Y	-0.0374548	A	-172.106	OX	7.05354	O_Y	-0.166756
W_X	6.95979	W_Y	-0.0380313	A	-172.106	OX	7.03308	O_Y	-0.169594
W_X	6.94088	W_Y	-0.0456005	A	-172.106	OX	7.0129	O_Y	-0.172391
W_X	6.92162	W_Y	-0.0522566	A	-172.295	OX	6.99258	O_Y	-0.175209
W_X	6.90111	W_Y	-0.0528082	A	-172.484	OX	6.97225	O_Y	-0.17796
W_X	6.8601	W_Y	-0.0537757	A	-172.484	OX	6.93158	O_Y	-0.183326
W_X	6.83959	W_Y	-0.0542596	A	-172.484	OX	6.91124	O_Y	-0.18601
W_X	6.83959	W_Y	-0.0542596	A	-172.484	OX	6.91124	O_Y	-0.18601
W_X	6.81909	W_Y	-0.0547431	A	-172.484	OX	6.89091	O_Y	-0.188691
W_X	6.79855	W_Y	-0.0552276	A	-172.667	OX	6.87054	O_Y	-0.191379
W_X	6.75756	W_Y	-0.05612	A	-172.802	OX	6.82988	O_Y	-0.196668
W_X	6.75756	W_Y	-0.05612	A	-172.802	OX	6.82988	O_Y	-0.196668
W_X	6.73759	W_Y	-0.0573924	A	-173.095	OX	6.80953	O_Y	-0.199238
W_X	6.68001	W_Y	-0.0651473	A	-172.987	OX	6.74844	O_Y	-0.206804
W_X	6.65954	W_Y	-0.0654756	A	-172.987	OX	6.72812	O_Y	-0.209303
W_X	6.63903	W_Y	-0.0658047	A	-173.213	OX	6.70776	O_Y	-0.211807
W_X	6.61851	W_Y	-0.0660529	A	-173.213	OX	6.68739	O_Y	-0.214232
W_X	6.598	W_Y	-0.0663012	A	-173.213	OX	6.66702	O_Y	-0.216657
W_X	6.57748	W_Y	-0.0665495	A	-173.53	OX	6.64665	O_Y	-0.219082
W_X	6.55697	W_Y	-0.0666841	A	-173.725	OX	6.62626	O_Y	-0.221393
W_X	6.53646	W_Y	-0.0667488	A	-173.987	OX	6.60587	O_Y	-0.223635
W_X	6.51548	W_Y	-0.0700452	A	-173.987	OX	6.58547	O_Y	-0.225784
W_X	6.49441	W_Y	-0.07386	A	-173.987	OX	6.56507	O_Y	-0.227933
W_X	6.4739	W_Y	-0.0738912	A	-173.987	OX	6.54467	O_Y	-0.230081
W_X	6.45338	W_Y	-0.0739225	A	-173.987	OX	6.52427	O_Y	-0.23223
W_X	6.41236	W_Y	-0.0739849	A	-173.987	OX	6.48347	O_Y	-0.236527
W_X	6.39184	W_Y	-0.0740161	A	-174.152	OX	6.46307	O_Y	-0.238676
W_X	6.37133	W_Y	-0.0739883	A	-174.152	OX	6.44266	O_Y	-0.240766
W_X	6.35079	W_Y	-0.0739605	A	-174.152	OX	6.42223	O_Y	-0.242859
W_X	6.3303	W_Y	-0.0739328	A	-174.359	OX	6.40185	O_Y	-0.244946
W_X	6.30982	W_Y	-0.0738309	A	-174.359	OX	6.38146	O_Y	-0.246959
W_X	6.26881	W_Y	-0.0736271	A	-174.359	OX	6.34065	O_Y	-0.250991
W_X	6.24838	W_Y	-0.077828	A	-174.835	OX	6.32022	O_Y	-0.253008
W_X	6.22794	W_Y	-0.0805014	A	-174.835	OX	6.2998	O_Y	-0.254854
W_X	6.20742	W_Y	-0.0802493	A	-175.079	OX	6.27936	O_Y	-0.256701
W_X	6.18691	W_Y	-0.07991	A	-175.079	OX	6.25892	O_Y	-0.258461
W_X	6.1664	W_Y	-0.0795707	A	-175.414	OX	6.23849	O_Y	-0.26022
W_X	6.1459	W_Y	-0.0791114	A	-175.672	OX	6.21804	O_Y	-0.26186
W_X	6.10489	W_Y	-0.0780085	A	-175.929	OX	6.17714	O_Y	-0.264956
W_X	6.08438	W_Y	-0.0773646	A	-175.929	OX	6.15667	O_Y	-0.266413
W_X	6.06415	W_Y	-0.0786233	A	-175.929	OX	6.13621	O_Y	-0.267869
W_X	6.04395	W_Y	-0.0800889	A	-175.929	OX	6.11575	O_Y	-0.269325
W_X	6.02345	W_Y	-0.0794754	A	-175.929	OX	6.09529	O_Y	-0.270781
W_X	6.00293	W_Y	-0.0788615	A	-175.929	OX	6.07481	O_Y	-0.272238
W_X	5.98245	W_Y	-0.0782485	A	-175.929	OX	6.05437	O_Y	-0.273692
W_X	5.96196	W_Y	-0.0776355	A	-175.929	OX	6.03393	O_Y	-0.275147
W_X	5.92095	W_Y	-0.0764083	A	-176.094	OX	5.99301	O_Y	-0.27806
W_X	5.90044	W_Y	-0.0757354	A	-176.265	OX	5.97253	O_Y	-0.279457
W_X	5.87994	W_Y	-0.0750015	A	-176.265	OX	5.95206	O_Y	-0.280794
W_X	5.8598	W_Y	-0.0748745	A	-176.448	OX	5.93159	O_Y	-0.28213
W_X	5.84191	W_Y	-0.078861	A	-176.631	OX	5.91097	O_Y	-0.28341
W_X	5.82218	W_Y	-0.0791776	A	-176.631	OX	5.89061	O_Y	-0.284608
W_X	5.80171	W_Y	-0.0783631	A	-176.893	OX	5.87016	O_Y	-0.285812
W_X	5.78122	W_Y	-0.0774538	A	-176.893	OX	5.84968	O_Y	-0.286923
W_X	5.76072	W_Y	-0.0765445	A	-177.137	OX	5.8292	O_Y	-0.288035
W_X	5.74023	W_Y	-0.075548	A	-177.333	OX	5.80871	O_Y	-0.289059
W_X	5.71975	W_Y	-0.0744817	A	-177.333	OX	5.78822	O_Y	-0.290014
W_X	5.69927	W_Y	-0.0734154	A	-177.333	OX	5.76773	O_Y	-0.290969
W_X	5.65829	W_Y	-0.0712825	A	-177.65	OX	5.72675	O_Y	-0.292878
W_X	5.63795	W_Y	-0.0752859	A	-177.65	OX	5.70625	O_Y	-0.293719
W_X	5.61765	W_Y	-0.0816567	A	-177.65	OX	5.68575	O_Y	-0.29456
W_X	5.59717	W_Y	-0.0805443	A	-177.65	OX	5.66526	O_Y	-0.295401
W_X	5.57668	W_Y	-0.0794317	A	-177.973	OX	5.64476	O_Y	-0.296243
W_X	5.55621	W_Y	-0.0782041	A	-177.973	OX	5.62426	O_Y	-0.296968
W_X	5.53574	W_Y	-0.0769766	A	-177.973	OX	5.60377	O_Y	-0.297693
W_X	5.49478	W_Y	-0.0745209	A	-178.437	OX	5.56277	O_Y	-0.299144
W_X	5.47432	W_Y	-0.0731273	A	-178.602	OX	5.54226	O_Y	-0.299704
W_X	5.45385	W_Y	-0.0716749	A	-178.602	OX	5.52175	O_Y	-0.300204
W_X	5.43354	W_Y	-0.0701436	A	-178.821	OX	5.50125	O_Y	-0.300705
W_X	5.41491	W_Y	-0.0675811	A	-178.821	OX	5.48074	O_Y	-0.301127
W_X	5.39496	W_Y	-0.0657423	A	-179.084	OX	5.46023	O_Y	-0.301549
W_X	5.37452	W_Y	-0.0640948	A	-179.346	OX	5.43971	O_Y	-0.301877
W_X	5.33364	W_Y	-0.0606128	A	-179.346	OX	5.39869	O_Y	-0.302345
W_X	5.3132	W_Y	-0.0588718	A	-179.517	OX	5.37818	O_Y	-0.30258
W_X	5.29276	W_Y	-0.0570698	A	-179.517	OX	5.35767	O_Y	-0.302753
W_X	5.27234	W_Y	-0.0552686	A	-179.517	OX	5.33716	O_Y	-0.302926
W_X	5.25191	W_Y	-0.0534667	A	-179.517	OX	5.31665	O_Y	-0.303099
W_X	5.23147	W_Y	-0.0516645	A	-179.517	OX	5.29614	O_Y	-0.303272
W_X	5.21144	W_Y	-0.0528011	A	-179.517	OX	5.27562	O_Y	-0.303445
W_X	5.19158	W_Y	-0.0551057	A	-179.517	OX	5.2551	O_Y	-0.303618
W_X	5.17114	W_Y	-0.0532977	A	-179.517	OX	5.23459	O_Y	-0.303791
W_X	5.15071	W_Y	-0.0514897	A	-179.517	OX	5.21408	O_Y	-0.303964
W_X	5.13028	W_Y	-0.0496817	A	-179.669	OX	5.19357	O_Y	-0.304137
W_X	5.10985	W_Y	-0.0478192	A	-179.834	OX	5.17305	O_Y	-0.304255
W_X	5.08942	W_Y	-0.045898	A	-179.999	OX	5.15254	O_Y	-0.304315
W_X	5.04859	W_Y	-0.0419379	A	179.671	OX	5.11151	O_Y	-0.304315
W_X	5.02818	W_Y	-0.0398407	A	179.671	OX	5.091	O_Y	-0.304198
W_X	5.00776	W_Y	-0.0378027	A	179.671	OX	5.07049	O_Y	-0.30408
W_X	4.98693	W_Y	-0.0372069	A	179.671	OX	5.04997	O_Y	-0.303962
W_X	4.96639	W_Y	-0.0355798	A	179.671	OX	5.02946	O_Y	-0.303845
W_X	4.94598	W_Y	-0.0334661	A	179.671	OX	5.00895	O_Y	-0.303727
W_X	4.92558	W_Y	-0.0313524	A	179.671	OX	4.98844	O_Y	-0.303609
W_X	4.88477	W_Y	-0.027125	A	179.671	OX	4.94741	O_Y	-0.303374
W_X	4.86436	W_Y	-0.0250112	A	179.671	OX	4.9269	O_Y	-0.303256
W_X	4.84396	W_Y	-0.0228976	A	179.671	OX	4.90638	O_Y	-0.303139
W_X	4.82356	W_Y	-0.0207839	A	179.513	OX	4.88587	O_Y	-0.303021
W_X	4.80316	W_Y	-0.0186137	A	179.513	OX	4.86536	O_Y	-0.302846
W_X	4.7838	W_Y	-0.0184341	A	179.513	OX	4.84483	O_Y	-0.302672
W_X	4.76503	W_Y	-0.0194337	A	179.513	OX	4.82431	O_Y	-0.302497
W_X	4.72423	W_Y	-0.0151492	A	179.513	OX	4.78328	O_Y	-0.302148
W_X	4.70384	W_Y	-0.0130086	A	179.513	OX	4.76278	O_Y	-0.301974
W_X	4.68344	W_Y	-0.0108665	A	179.513	OX	4.74227	O_Y	-0.301799
W_X	4.66304	W_Y	-0.00872447	A	179.513	OX	4.72175	O_Y	-0.301625
W_X	4.64264	W_Y	-0.00658237	A	179.513	OX	4.70124	O_Y	-0.30145
W_X	4.62224	W_Y	-0.00444033	A	179.513	OX	4.68073	O_Y	-0.301276
W_X	4.60184	W_Y	-0.00229829	A	179.513	OX	4.66022	O_Y	-0.301101
W_X	4.56106	W_Y	0.00194913	A	179.513	OX	4.6192	O_Y	-0.300752
W_X	4.54212	W_Y	0.000486995	A	179.513	OX	4.59869	O_Y	-0.300577
W_X	4.5223	W_Y	0.00118127	A	179.513	OX	4.57817	O_Y	-0.300403
W_X	4.5019	W_Y	0.00331678	A	179.513	OX	4.55766	O_Y	-0.300228
W_X	4.4815	W_Y	0.00545237	A	179.513	OX	4.53715	O_Y	-0.300054
W_X	4.4611	W_Y	0.00758777	A	179.513	OX	4.51664	O_Y	-0.299879
W_X	4.44069	W_Y	0.00972445	A	179.513	OX	4.49612	O_Y	-0.299705
W_X	4.42029	W_Y	0.0118596	A	179.513	OX	4.47561	O_Y	-0.29953
W_X	4.39989	W_Y	0.0139954	A	179.513	OX	4.45509	O_Y	-0.299356
W_X	4.37948	W_Y	0.0161309	A	179.513	OX	4.43458	O_Y	-0.299181
W_X	4.36059	W_Y	0.0148864	A	179.513	OX	4.41407	O_Y	-0.299007
W_X	4.34291	W_Y	0.0109291	A	179.513	OX	4.39355	O_Y	-0.298832
W_X	4.3225	W_Y	0.0130505	A	179.513	OX	4.37304	O_Y	-0.298658
W_X	4.2817	W_Y	0.0172933	A	179.513	OX	4.33202	O_Y	-0.298309
W_X	4.26129	W_Y	0.0194147	A	179.513	OX	4.3115	O_Y	-0.298134
W_X	4.24089	W_Y	0.0215362	A	179.513	OX	4.29099	O_Y	-0.29796
W_X	4.22049	W_Y	0.0236575	A	179.513	OX	4.27048	O_Y	-0.297785
W_X	4.20008	W_Y	0.025779	A	179.513	OX	4.24997	O_Y	-0.297611
W_X	4.17968	W_Y	0.0279005	A	179.725	OX	4.22945	O_Y	-0.297436
W_X	4.11843	W_Y	0.0338862	A	179.938	OX	4.16791	O_Y	-0.297293
W_X	4.09792	W_Y	0.036116	A	179.938	OX	4.16791	O_Y	-0.297293
W_X	4.09792	W_Y	0.036116	A	-179.862	OX	4.1474	O_Y	-0.297271
W_X	4.07739	W_Y	0.0383778	A	-179.686	OX	4.12689	O_Y	-0.29732
W_X	4.05696	W_Y	0.040249	A	-179.686	OX	4.10637	O_Y	-0.297433
W_X	4.0161	W_Y	0.0439922	A	-179.686	OX	4.06534	O_Y	-0.297657
W_X	3.99571	W_Y	0.0458599	A	-179.686	OX	4.04487	O_Y	-0.29777
W_X	3.95486	W_Y	0.0496018	A	-179.686	OX	4.00385	O_Y	-0.297995
W_X	3.93443	W_Y	0.051473	A	-179.686	OX	3.98333	O_Y	-0.298107
W_X	3.91408	W_Y	0.0520345	A	-179.522	OX	3.96282	O_Y	-0.298219
W_X	3.89381	W_Y	0.0510284	A	-179.522	OX	3.94232	O_Y	-0.29839
W_X	3.89381	W_Y	0.0510284	A	-179.522	OX	3.94232	O_Y	-0.29839
W_X	3.85293	W_Y	0.054468	A	-179.219	OX	3.90129	O_Y	-0.298787
W_X	3.83247	W_Y	0.0561071	A	-179.219	OX	3.88077	O_Y	-0.299067
W_X	3.81202	W_Y	0.0577458	A	-179.219	OX	3.86026	O_Y	-0.299347
W_X	3.79158	W_Y	0.0593843	A	-179.219	OX	3.83975	O_Y	-0.299626
W_X	3.79158	W_Y	0.0593843	A	-179.219	OX	3.83975	O_Y	-0.299626
W_X	3.75068	W_Y	0.0626614	A	-178.976	OX	3.79873	O_Y	-0.300186
W_X	3.73023	W_Y	0.0642131	A	-178.702	OX	3.77822	O_Y	-0.300553
W_X	3.70955	W_Y	0.0713204	A	-178.429	OX	3.75771	O_Y	-0.301017
W_X	3.66851	W_Y	0.0766693	A	-178.125	OX	3.7167	O_Y	-0.302142
W_X	3.64802	W_Y	0.0779558	A	-177.967	OX	3.69618	O_Y	-0.302814
W_X	3.62754	W_Y	0.0791852	A	-177.967	OX	3.67567	O_Y	-0.303542
W_X	3.60707	W_Y	0.0804138	A	-177.967	OX	3.65518	O_Y	-0.304269
W_X	3.5866	W_Y	0.081643	A	-177.967	OX	3.63468	O_Y	-0.304996
W_X	3.56613	W_Y	0.0828712	A	-177.967	OX	3.61419	O_Y	-0.305723
W_X	3.54567	W_Y	0.0840994	A	-177.628	OX	3.59371	O_Y	-0.30645
W_X	3.50469	W_Y	0.0863156	A	-177.628	OX	3.5527	O_Y	-0.308149
W_X	3.48421	W_Y	0.0874232	A	-177.628	OX	3.53221	O_Y	-0.308999
W_X	3.4636	W_Y	0.08874	A	-177.628	OX	3.51171	O_Y	-0.309848
W_X	3.44057	W_Y	0.0943332	A	-177.628	OX	3.49122	O_Y	-0.310697
W_X	3.41926	W_Y	0.0969799	A	-177.628	OX	3.47072	O_Y	-0.311546
W_X	3.39878	W_Y	0.0981569	A	-177.628	OX	3.45023	O_Y	-0.312395
W_X	3.35783	W_Y	0.10051	A	-177.628	OX	3.40925	O_Y	-0.314093
W_X	3.33734	W_Y	0.101688	A	-177.008	OX	3.38874	O_Y	-0.314942
W_X	3.31685	W_Y	0.102644	A	-176.832	OX	3.36825	O_Y	-0.316013
W_X	3.29635	W_Y	0.103536	A	-176.467	OX	3.34777	O_Y	-0.317147
W_X	3.27586	W_Y	0.104298	A	-176.467	OX	3.3273	O_Y	-0.318411
W_X	3.25536	W_Y	0.10506	A	-176.078	OX	3.30682	O_Y	-0.319675
W_X	3.23459	W_Y	0.107334	A	-175.689	OX	3.28636	O_Y	-0.321079
W_X	3.19307	W_Y	0.111534	A	-175.689	OX	3.24544	O_Y	-0.324163
W_X	3.17257	W_Y	0.112065	A	-175.689	OX	3.22499	O_Y	-0.325705
W_X	3.15207	W_Y	0.112596	A	-175.409	OX	3.20455	O_Y	-0.327246
W_X	3.13156	W_Y	0.113027	A	-175.409	OX	3.1841	O_Y	-0.328888
W_X	3.11105	W_Y	0.113458	A	-175.154	OX	3.16365	O_Y	-0.33053
W_X	3.09054	W_Y	0.113797	A	-175.154	OX	3.14321	O_Y	-0.332263
W_X	3.07001	W_Y	0.114137	A	-175.154	OX	3.12275	O_Y	-0.333997
W_X	3.04951	W_Y	0.114477	A	-174.693	OX	3.10232	O_Y	-0.33573
W_X	3.02901	W_Y	0.114651	A	-174.419	OX	3.08191	O_Y	-0.337626
W_X	3.00593	W_Y	0.11842	A	-174.261	OX	3.06147	O_Y	-0.339622
W_X	2.98433	W_Y	0.120092	A	-173.878	OX	3.04106	O_Y	-0.341673
W_X	2.96383	W_Y	0.120053	A	-173.878	OX	3.02068	O_Y	-0.343859
W_X	2.94333	W_Y	0.120014	A	-173.55	OX	3.0003	O_Y	-0.346045
W_X	2.90232	W_Y	0.1197	A	-173.222	OX	2.95954	O_Y	-0.350653
W_X	2.8818	W_Y	0.119426	A	-172.833	OX	2.93916	O_Y	-0.353075
W_X	2.86129	W_Y	0.119012	A	-172.621	OX	2.91881	O_Y	-0.355634
W_X	2.84078	W_Y	0.118523	A	-172.36	OX	2.89847	O_Y	-0.358269
W_X	2.82027	W_Y	0.11794	A	-172.117	OX	2.87814	O_Y	-0.360996
W_X	2.79921	W_Y	0.11898	A	-171.868	OX	2.85782	O_Y	-0.363809
W_X	2.7775	W_Y	0.12194	A	-171.619	OX	2.83751	O_Y	-0.366711
W_X	2.7365	W_Y	0.120341	A	-171.206	OX	2.79692	O_Y	-0.372691
W_X	2.71601	W_Y	0.119393	A	-171.03	OX	2.77665	O_Y	-0.375828
W_X	2.71601	W_Y	0.119393	A	-171.03	OX	2.77665	O_Y	-0.375828
W_X	2.67503	W_Y	0.117372	A	-170.774	OX	2.73613	O_Y	-0.382225
W_X	2.65455	W_Y	0.116271	A	-170.586	OX	2.71588	O_Y	-0.385513
W_X	2.63407	W_Y	0.115102	A	-170.258	OX	2.69564	O_Y	-0.388869
W_X	2.61359	W_Y	0.113815	A	-169.93	OX	2.67542	O_Y	-0.39234
W_X	2.57266	W_Y	0.111008	A	-169.48	OX	2.63503	O_Y	-0.399514
W_X	2.54767	W_Y	0.116534	A	-169.055	OX	2.61486	O_Y	-0.403259
W_X	2.52534	W_Y	0.117791	A	-169.055	OX	2.59472	O_Y	-0.407154
W_X	2.5049	W_Y	0.116104	A	-168.787	OX	2.57458	O_Y	-0.411049
W_X	2.48446	W_Y	0.114322	A	-168.587	OX	2.55445	O_Y	-0.415038
W_X	2.46403	W_Y	0.112468	A	-168.386	OX	2.53434	O_Y	-0.419098
W_X	2.4436	W_Y	0.110543	A	-168.046	OX	2.51424	O_Y	-0.423229
W_X	2.42319	W_Y	0.108497	A	-167.724	OX	2.49417	O_Y	-0.427478
W_X	2.40279	W_Y	0.106336	A	-167.724	OX	2.47413	O_Y	-0.43184
W_X	2.38239	W_Y	0.104176	A	-167.384	OX	2.45408	O_Y	-0.436201
W_X	2.361	W_Y	0.100535	A	-167.384	OX	2.43407	O_Y	-0.440682
W_X	2.33852	W_Y	0.0953857	A	-167.22	OX	2.41405	O_Y	-0.445161
W_X	2.31815	W_Y	0.0930368	A	-167.056	OX	2.39405	O_Y	-0.449699
W_X	2.2774	W_Y	0.0882217	A	-166.704	OX	2.35406	O_Y	-0.458889
W_X	2.25705	W_Y	0.0856892	A	-166.704	OX	2.3341	O_Y	-0.463606
W_X	2.23669	W_Y	0.0831564	A	-166.516	OX	2.31413	O_Y	-0.468324
W_X	2.21634	W_Y	0.0805573	A	-166.267	OX	2.29419	O_Y	-0.473107
W_X	2.196	W_Y	0.077869	A	-166.03	OX	2.27426	O_Y	-0.477978
W_X	2.17568	W_Y	0.0750974	A	-166.03	OX	2.25435	O_Y	-0.482929
W_X	2.17568	W_Y	0.0750974	A	-166.03	OX	2.25435	O_Y	-0.482929
W_X	2.11471	W_Y	0.0667818	A	-165.52	OX	2.19464	O_Y	-0.497786
W_X	2.09366	W_Y	0.0609327	A	-165.52	OX	2.17477	O_Y	-0.502915
W_X	2.07212	W_Y	0.0531159	A	-165.52	OX	2.15491	O_Y	-0.508045
W_X	2.05183	W_Y	0.0501196	A	-165.258	OX	2.13505	O_Y	-0.513174
W_X	2.03151	W_Y	0.0470247	A	-165.258	OX	2.11517	O_Y	-0.518404
W_X	2.01127	W_Y	0.0439412	A	-165.107	OX	2.09537	O_Y	-0.523614
W_X	1.99104	W_Y	0.0408042	A	-164.955	OX	2.07559	O_Y	-0.528877
W_X	1.95052	W_Y	0.0344122	A	-164.955	OX	2.03597	O_Y	-0.539525
W_X	1.93025	W_Y	0.0312157	A	-164.955	OX	2.01616	O_Y	-0.54485
W_X	1.90884	W_Y	0.0303866	A	-164.955	OX	1.99635	O_Y	-0.550174
W_X	1.88531	W_Y	0.0339232	A	-164.955	OX	1.97653	O_Y	-0.5555
W_X	1.86502	W_Y	0.0308449	A	-164.955	OX	1.95672	O_Y	-0.560825
W_X	1.84476	W_Y	0.0277258	A	-164.955	OX	1.93693	O_Y	-0.566145
W_X	1.82451	W_Y	0.0246067	A	-164.955	OX	1.91714	O_Y	-0.571465
W_X	1.78396	W_Y	0.0183627	A	-164.955	OX	1.87751	O_Y	-0.582114
W_X	1.76368	W_Y	0.0152399	A	-164.955	OX	1.8577	O_Y	-0.58744
W_X	1.74341	W_Y	0.0121199	A	-164.955	OX	1.8379	O_Y	-0.592761
W_X	1.72314	W_Y	0.008998	A	-164.955	OX	1.81809	O_Y	-0.598086
W_X	1.70287	W_Y	0.00587616	A	-164.955	OX	1.79828	O_Y	-0.60341
W_X	1.68179	W_Y	0.00337293	A	-164.955	OX	1.77847	O_Y	-0.608735
W_X	1.6611	W_Y	0.000600247	A	-164.955	OX	1.75865	O_Y	-0.614062
W_X	1.64082	W_Y	-0.00248001	A	-164.955	OX	1.73884	O_Y	-0.619386
W_X	1.62053	W_Y	-0.00556027	A	-164.955	OX	1.71903	O_Y	-0.624711
W_X	1.60025	W_Y	-0.00864074	A	-164.955	OX	1.69922	O_Y	-0.630036
W_X	1.57997	W_Y	-0.0117208	A	-164.955	OX	1.67941	O_Y	-0.63536
W_X	1.55969	W_Y	-0.014801	A	-164.955	OX	1.6596	O_Y	-0.640685
W_X	1.53941	W_Y	-0.0178812	A	-164.955	OX	1.63979	O_Y	-0.646009
W_X	1.49885	W_Y	-0.0240417	A	-164.955	OX	1.60017	O_Y	-0.656659
W_X	1.47882	W_Y	-0.0285053	A	-164.955	OX	1.58036	O_Y	-0.661983
W_X	1.45907	W_Y	-0.0345748	A	-164.955	OX	1.56055	O_Y	-0.667308
W_X	1.4388	W_Y	-0.0376678	A	-164.955	OX	1.54075	O_Y	-0.672632
W_X	1.41852	W_Y	-0.0407624	A	-164.955	OX	1.52093	O_Y	-0.677958
W_X	1.39824	W_Y	-0.0438557	A	-164.955	OX	1.50112	O_Y	-0.683282
W_X	1.37796	W_Y	-0.0469491	A	-164.955	OX	1.48131	O_Y	-0.688606
W_X	1.33739	W_Y	-0.0531388	A	-165.322	OX	1.44168	O_Y	-0.69926
W_X	1.31709	W_Y	-0.0561026	A	-165.322	OX	1.42183	O_Y	-0.704458
W_X	1.29679	W_Y	-0.0590662	A	-165.493	OX	1.40199	O_Y	-0.709655
W_X	1.27648	W_Y	-0.0619703	A	-165.493	OX	1.38213	O_Y	-0.714795
W_X	1.2539	W_Y	-0.0662491	A	-165.493	OX	1.36226	O_Y	-0.719936
W_X	1.23252	W_Y	-0.0697835	A	-165.676	OX	1.34241	O_Y	-0.725071
W_X	1.21222	W_Y	-0.0725986	A	-165.859	OX	1.32255	O_Y	-0.730143
W_X	1.17156	W_Y	-0.0781026	A	-166.298	OX	1.28277	O_Y	-0.740166
W_X	1.15122	W_Y	-0.0806974	A	-166.517	OX	1.26285	O_Y	-0.745023
W_X	1.13086	W_Y	-0.0832168	A	-166.682	OX	1.24289	O_Y	-0.749808
W_X	1.11049	W_Y	-0.085676	A	-166.92	OX	1.22293	O_Y	-0.754533
W_X	1.09013	W_Y	-0.0880496	A	-166.92	OX	1.20296	O_Y	-0.759172
W_X	1.06975	W_Y	-0.0904245	A	-166.92	OX	1.18298	O_Y	-0.763815
W_X	1.04801	W_Y	-0.0937929	A	-167.298	OX	1.16298	O_Y	-0.76846
W_X	1.02369	W_Y	-0.0989261	A	-167.298	OX	1.14297	O_Y	-0.772971
W_X	1.00323	W_Y	-0.10123	A	-167.548	OX	1.12296	O_Y	-0.777481
W_X	0.982829	W_Y	-0.103393	A	-167.548	OX	1.10293	O_Y	-0.781904
section	back	liner							
section	back	liner							
W_X	0.634081	W_Y	-0.135868	A	-168.408	OX	0.962405	O_Y	-0.811897
W_X	0.612637	W_Y	-0.137538	A	-170.956	OX	0.740474	O_Y	-0.852061
W_X	0.568586	W_Y	-0.141429	A	-171.243	OX	0.699973	O_Y	-0.858508
W_X	0.547869	W_Y	-0.142423	A	-171.243	OX	0.679679	O_Y	-0.861634
W_X	0.527394	W_Y	-0.143286	A	-171.602	OX	0.659425	O_Y	-0.864754
W_X	0.506894	W_Y	-0.144021	A	-171.889	OX	0.639131	O_Y	-0.867749
W_X	0.486391	W_Y	-0.144654	A	-171.889	OX	0.618825	O_Y	-0.870644
W_X	0.465887	W_Y	-0.145286	A	-172.242	OX	0.598516	O_Y	-0.873538
W_X	0.44538	W_Y	-0.145793	A	-172.242	OX	0.57819	O_Y	-0.876307
W_X	0.404374	W_Y	-0.146805	A	-172.242	OX	0.537547	O_Y	-0.881844
W_X	0.404374	W_Y	-0.146805	A	-172.242	OX	0.537547	O_Y	-0.881844
W_X	0.383858	W_Y	-0.147312	A	-172.986	OX	0.517213	O_Y	-0.884614
W_X	0.364403	W_Y	-0.148941	A	-173.291	OX	0.49686	O_Y	-0.887118
W_X	0.364403	W_Y	-0.148941	A	-173.291	OX	0.49686	O_Y	-0.887118
W_X	0.364403	W_Y	-0.148941	A	-173.291	OX	0.49686	O_Y	-0.887118
W_X	0.28311	W_Y	-0.150335	A	-173.565	OX	0.415346	O_Y	-0.896509
W_X	0.28311	W_Y	-0.150335	A	-173.565	OX	0.415346	O_Y	-0.896509
W_X	0.242076	W_Y	-0.150312	A	-173.895	OX	0.374558	O_Y	-0.90099
W_X	0.221564	W_Y	-0.150242	A	-174.145	OX	0.354161	O_Y	-0.903172
W_X	0.221564	W_Y	-0.150242	A	-174.145	OX	0.354161	O_Y	-0.903172
W_X	0.179967	W_Y	-0.151272	A	-174.53	OX	0.313328	O_Y	-0.907289
W_X	0.157637	W_Y	-0.155624	A	-174.804	OX	0.292907	O_Y	-0.909244
W_X	0.157637	W_Y	-0.155624	A	-174.804	OX	0.292907	O_Y	-0.909244
W_X	0.0960159	W_Y	-0.154635	A	-175.481	OX	0.23161	O_Y	-0.91472
W_X	0.0755262	W_Y	-0.154017	A	-175.701	OX	0.211174	O_Y	-0.916335
W_X	0.0755262	W_Y	-0.154017	A	-175.701	OX	0.211174	O_Y	-0.916335
W_X	0.0345141	W_Y	-0.152526	A	-176.256	OX	0.170243	O_Y	-0.919314
W_X	0.0140214	W_Y	-0.151631	A	-176.518	OX	0.149775	O_Y	-0.920653
W_X	0.0140214	W_Y	-0.151631	A	-176.518	OX	0.149775	O_Y	-0.920653
W_X	-0.0474385	W_Y	-0.148477	A	-177.28	OX	0.0883366	O_Y	-0.924204
section	back	liner							
